drone,start,end,phase,reason,token,epoch,low_speed_s,moving_s,motion_samples_covered_s,mean_sampled_speed_mps,planning_request_overlap_s
0,20.0,20.200000000000003,execution,tracking_view,0:340a00e9:400002,400002,0.20000000000000284,0.0,0.20000000000000284,0.013082589535449695,0.20000000000000284
1,20.0,20.200000000000003,execution,tracking_view,1:d7bee851:400002,400002,0.20000000000000284,0.0,0.20000000000000284,0.008607648074680174,0.20000000000000284
0,20.200000000000003,20.400000000000002,execution,tracking_view,0:340a00e9:400002,400002,0.1999999999999993,0.0,0.1999999999999993,0.04594381557790591,0.1999999999999993
1,20.200000000000003,20.400000000000002,execution,tracking_view,1:d7bee851:400002,400002,0.12299999999999756,0.07700000000000173,0.1999999999999993,0.08928259051600056,0.1999999999999993
1,20.400000000000002,20.6,execution,tracking_view,1:d7bee851:400002,400002,0.0,0.1999999999999993,0.1999999999999993,0.2933948323927755,0.1999999999999993
0,20.400000000000002,20.6,execution,tracking_view,0:340a00e9:400002,400002,0.16199999999999903,0.038000000000000256,0.1999999999999993,0.08409880049674404,0.1999999999999993
0,20.6,20.8,execution,tracking_view,0:340a00e9:400002,400002,0.012999999999998124,0.18700000000000117,0.1999999999999993,0.11129573917915939,0.125
1,20.6,20.8,execution,tracking_view,1:d7bee851:400002,400002,0.0,0.1999999999999993,0.1999999999999993,0.5050037487159157,0.019999999999999574
0,20.8,21.0,execution,tracking_view,0:340a00e9:400002,400002,0.0,0.1999999999999993,0.1999999999999993,0.13924110285443553,0.0
1,20.8,21.0,execution,tracking_view,1:d7bee851:400002,400002,0.0,0.1999999999999993,0.1999999999999993,0.6109673880221805,0.0
0,21.0,21.200000000000003,execution,tracking_view,0:340a00e9:400002,400002,0.0,0.20000000000000284,0.20000000000000284,0.17351174933334018,0.0
1,21.0,21.200000000000003,execution,tracking_view,1:d7bee851:400002,400002,0.0,0.20000000000000284,0.20000000000000284,0.7012426374024359,0.0
0,21.200000000000003,21.400000000000002,execution,tracking_view,0:340a00e9:400002,400002,0.0,0.1999999999999993,0.1999999999999993,0.21077112796821768,0.0
1,21.200000000000003,21.400000000000002,execution,tracking_view,1:d7bee851:400002,400002,0.0,0.1999999999999993,0.1999999999999993,0.7093142055531749,0.0
0,21.400000000000002,21.6,execution,tracking_view,0:340a00e9:400002,400002,0.0,0.1999999999999993,0.1999999999999993,0.24367801602307146,0.0
1,21.400000000000002,21.6,execution,tracking_view,1:d7bee851:400002,400002,0.0,0.1999999999999993,0.1999999999999993,0.658541679689524,0.0
0,21.6,21.8,execution,tracking_view,0:340a00e9:400002,400002,0.0,0.1999999999999993,0.1999999999999993,0.2776568381668006,0.0
1,21.6,21.8,execution,tracking_view,1:d7bee851:400002,400002,0.0,0.1999999999999993,0.1999999999999993,0.6092706479454789,0.0
0,21.8,22.0,execution,tracking_view,0:340a00e9:400002,400002,0.0,0.1999999999999993,0.1999999999999993,0.32229683924246266,0.0
1,21.8,22.0,execution,tracking_view,1:d7bee851:400002,400002,0.0,0.1999999999999993,0.1999999999999993,0.5806017738028181,0.0
0,22.0,22.200000000000003,execution,tracking_view,0:340a00e9:400002,400002,0.0,0.20000000000000284,0.20000000000000284,0.36535539237363585,0.0
1,22.0,22.200000000000003,execution,tracking_view,1:d7bee851:400002,400002,0.0,0.20000000000000284,0.20000000000000284,0.5082412616752141,0.0
0,22.200000000000003,22.400000000000002,execution,tracking_view,0:340a00e9:400002,400002,0.0,0.1999999999999993,0.1999999999999993,0.4011645453900818,0.0
1,22.200000000000003,22.400000000000002,execution,tracking_view,1:d7bee851:400002,400002,0.0,0.1999999999999993,0.1999999999999993,0.3146334275492865,0.0
1,22.400000000000002,22.6,execution,tracking_view,1:d7bee851:400002,400002,0.10900000000000176,0.09099999999999753,0.1999999999999993,0.09550095913552593,0.0
0,22.400000000000002,22.6,execution,tracking_view,0:340a00e9:400002,400002,0.0,0.1999999999999993,0.1999999999999993,0.4442610368031327,0.0
1,22.6,22.8,execution,tracking_view,1:d7bee851:400002,400002,0.11199999999999832,0.08800000000000097,0.1999999999999993,0.09525466470486693,0.0
0,22.6,22.801000000000002,execution,tracking_view,0:340a00e9:400002,400002,0.0,0.2010000000000005,0.2010000000000005,0.47394507078039444,0.0
0,22.801000000000002,23.0,execution,tracking_view,0:340a00e9:400002,400002,0.0,0.19899999999999807,0.19899999999999807,0.5088224648858799,0.0
1,22.8,23.0,observation_dwell,observation_dwell,1:d7bee851:400002,400002,0.0,0.1999999999999993,0.1999999999999993,0.16820484885221873,0.0
0,23.0,23.200000000000003,execution,tracking_view,0:340a00e9:400002,400002,0.0,0.20000000000000284,0.20000000000000284,0.5381606537611591,0.0
1,23.0,23.200000000000003,observation_dwell,observation_dwell,1:d7bee851:400002,400002,0.0400000000000027,0.16000000000000014,0.20000000000000284,0.12361215369612033,0.0
0,23.200000000000003,23.400000000000002,execution,tracking_view,0:340a00e9:400002,400002,0.0,0.1999999999999993,0.1999999999999993,0.5521324864962694,0.0
1,23.200000000000003,23.400000000000002,allocation_wait,idle,1:d7bee851:400002,400002,0.1999999999999993,0.0,0.1999999999999993,0.0585469365220699,0.0
0,23.400000000000002,23.6,execution,tracking_view,0:340a00e9:400002,400002,0.0,0.1999999999999993,0.1999999999999993,0.5547590259175358,0.0
1,23.400000000000002,23.6,allocation_wait,idle,1:d7bee851:400002,400002,0.1999999999999993,0.0,0.1999999999999993,0.022105727519278633,0.10000000000000142
1,23.6,23.8,planning_wait,idle,1:d7bee851:400002,400002,0.1999999999999993,0.0,0.1999999999999993,0.023543670819670293,0.1999999999999993
0,23.6,23.8,execution,tracking_view,0:340a00e9:400002,400002,0.0,0.1999999999999993,0.1999999999999993,0.5624689869755529,0.0
0,23.8,24.0,execution,tracking_view,0:340a00e9:400002,400002,0.0,0.1999999999999993,0.1999999999999993,0.5657583110440005,0.0
1,23.8,24.0,planning_wait,idle,1:d7bee851:400002,400002,0.1999999999999993,0.0,0.1999999999999993,0.025684562621151878,0.1999999999999993
0,24.0,24.200000000000003,execution,tracking_view,0:340a00e9:400002,400002,0.0,0.20000000000000284,0.20000000000000284,0.5679412751373742,0.0
1,24.0,24.200000000000003,planning_wait,idle,1:d7bee851:400002,400002,0.20000000000000284,0.0,0.20000000000000284,0.03157182247812488,0.20000000000000284
1,24.200000000000003,24.400000000000002,planning_wait,idle,1:d7bee851:400002,400002,0.1999999999999993,0.0,0.1999999999999993,0.03327338999665991,0.1999999999999993
0,24.200000000000003,24.400000000000002,execution,tracking_view,0:340a00e9:400002,400002,0.0,0.1999999999999993,0.1999999999999993,0.5781024709566475,0.0
0,24.400000000000002,24.6,execution,tracking_view,0:340a00e9:400002,400002,0.0,0.1999999999999993,0.1999999999999993,0.5901532521744026,0.0
1,24.400000000000002,24.6,allocation_wait,idle,1:d7bee851:400002,400002,0.1999999999999993,0.0,0.1999999999999993,0.028415762661402378,0.04400000000000048
0,24.6,24.8,execution,tracking_view,0:340a00e9:400002,400002,0.0,0.1999999999999993,0.1999999999999993,0.5855051122843512,0.0
1,24.6,24.8,allocation_wait,idle,1:d7bee851:400002,400002,0.1999999999999993,0.0,0.1999999999999993,0.02111262941490534,0.0
1,24.8,25.0,reservation_wait,idle,1:d7bee851:400002,400002,0.1999999999999993,0.0,0.1999999999999993,0.019919229224937333,0.0
0,24.8,25.0,execution,tracking_view,0:340a00e9:400002,400002,0.0,0.1999999999999993,0.1999999999999993,0.5707862380525262,0.0
0,25.0,25.200000000000003,execution,tracking_view,0:340a00e9:400002,400002,0.0,0.20000000000000284,0.20000000000000284,0.5482338659985406,0.20000000000000284
1,25.0,25.201,reservation_wait,idle,1:d7bee851:400002,400002,0.2010000000000005,0.0,0.2010000000000005,0.015210529514428053,0.0
1,25.201,25.400000000000002,reservation_wait,idle,1:d7bee851:400002,400002,0.19900000000000162,0.0,0.19900000000000162,0.011120078612980132,0.0
0,25.200000000000003,25.400000000000002,execution,tracking_view,0:340a00e9:400002,400002,0.0,0.1999999999999993,0.1999999999999993,0.5312818297827038,0.1999999999999993
0,25.400000000000002,25.6,execution,tracking_view,0:340a00e9:400002,400002,0.0,0.1999999999999993,0.1999999999999993,0.5060753616778775,0.1999999999999993
1,25.400000000000002,25.6,reservation_wait,idle,1:d7bee851:400002,400002,0.1999999999999993,0.0,0.1999999999999993,0.010824608570830084,0.0
0,25.6,25.8,execution,tracking_view,0:340a00e9:400002,400002,0.0,0.1999999999999993,0.1999999999999993,0.4841496674513214,0.1999999999999993
1,25.6,25.8,allocation_wait,idle,1:d7bee851:400002,400002,0.1999999999999993,0.0,0.1999999999999993,0.013132042436936815,0.0
1,25.8,26.0,execution,tracking_view,1:d7bee851:400003,400003,0.1999999999999993,0.0,0.1999999999999993,0.03740531362566614,0.0
0,25.8,26.0,execution,tracking_view,0:340a00e9:400002,400002,0.0,0.1999999999999993,0.1999999999999993,0.4529211398474655,0.10100000000000264
0,26.0,26.200000000000003,execution,tracking_view,0:340a00e9:400002,400002,0.0,0.20000000000000284,0.20000000000000284,0.4172861512986451,0.0
1,26.0,26.200000000000003,execution,tracking_view,1:d7bee851:400003,400003,0.20000000000000284,0.0,0.20000000000000284,0.058598264830052225,0.20000000000000284
1,26.200000000000003,26.400000000000002,execution,tracking_view,1:d7bee851:400003,400003,0.07399999999999807,0.12600000000000122,0.1999999999999993,0.11357437416561024,0.1999999999999993
0,26.200000000000003,26.400000000000002,execution,tracking_view,0:340a00e9:400002,400002,0.0,0.1999999999999993,0.1999999999999993,0.38550373197767535,0.0
0,26.400000000000002,26.6,execution,tracking_view,0:340a00e9:400002,400002,0.0,0.1999999999999993,0.1999999999999993,0.3523909555398725,0.0
1,26.400000000000002,26.6,execution,tracking_view,1:d7bee851:400003,400003,0.0,0.1999999999999993,0.1999999999999993,0.2108607706946367,0.1999999999999993
0,26.6,26.8,execution,tracking_view,0:340a00e9:400002,400002,0.0,0.1999999999999993,0.1999999999999993,0.3125765655022872,0.0
1,26.6,26.8,execution,tracking_view,1:d7bee851:400003,400003,0.0,0.1999999999999993,0.1999999999999993,0.3154202155874622,0.1999999999999993
0,26.8,27.0,execution,tracking_view,0:340a00e9:400002,400002,0.0,0.1999999999999993,0.1999999999999993,0.26473357968343325,0.0
1,26.8,27.0,execution,tracking_view,1:d7bee851:400003,400003,0.0,0.1999999999999993,0.1999999999999993,0.39389493810970877,0.06500000000000128
0,27.0,27.200000000000003,execution,tracking_view,0:340a00e9:400002,400002,0.0,0.20000000000000284,0.20000000000000284,0.2361523938426,0.0
1,27.0,27.200000000000003,execution,tracking_view,1:d7bee851:400003,400003,0.0,0.20000000000000284,0.20000000000000284,0.4842888436643556,0.0
1,27.200000000000003,27.400000000000002,execution,tracking_view,1:d7bee851:400003,400003,0.0,0.1999999999999993,0.1999999999999993,0.5426052409921828,0.0
0,27.200000000000003,27.400000000000002,execution,tracking_view,0:340a00e9:400002,400002,0.0,0.1999999999999993,0.1999999999999993,0.19575514451958667,0.0
1,27.400000000000002,27.6,execution,tracking_view,1:d7bee851:400003,400003,0.0,0.1999999999999993,0.1999999999999993,0.5878875777929905,0.0
0,27.400000000000002,27.6,execution,tracking_view,0:340a00e9:400002,400002,0.0,0.1999999999999993,0.1999999999999993,0.16175197943019806,0.0
0,27.6,27.8,execution,tracking_view,0:340a00e9:400002,400002,0.0,0.1999999999999993,0.1999999999999993,0.1298338427282861,0.0
1,27.6,27.8,execution,tracking_view,1:d7bee851:400003,400003,0.0,0.1999999999999993,0.1999999999999993,0.6149751653049501,0.0
0,27.8,28.0,execution,tracking_view,0:340a00e9:400002,400002,0.1509999999999998,0.04899999999999949,0.1999999999999993,0.09280608075197211,0.0
1,27.8,28.0,execution,tracking_view,1:d7bee851:400003,400003,0.0,0.1999999999999993,0.1999999999999993,0.6286126490557947,0.0
0,28.0,28.200000000000003,execution,tracking_view,0:340a00e9:400002,400002,0.20000000000000284,0.0,0.20000000000000284,0.05662012338068659,0.0
1,28.0,28.200000000000003,execution,tracking_view,1:d7bee851:400003,400003,0.0,0.20000000000000284,0.20000000000000284,0.6015800652506936,0.0
0,28.200000000000003,28.400000000000002,execution,tracking_view,0:340a00e9:400002,400002,0.1999999999999993,0.0,0.1999999999999993,0.030648284260863162,0.0
1,28.200000000000003,28.400000000000002,execution,tracking_view,1:d7bee851:400003,400003,0.0,0.1999999999999993,0.1999999999999993,0.5632526073361228,0.0
0,28.400000000000002,28.6,execution,tracking_view,0:340a00e9:400002,400002,0.1999999999999993,0.0,0.1999999999999993,0.010628785320086265,0.0
1,28.400000000000002,28.6,execution,tracking_view,1:d7bee851:400003,400003,0.0,0.1999999999999993,0.1999999999999993,0.5018320909847978,0.0
0,28.6,28.8,execution,tracking_view,0:340a00e9:400002,400002,0.1999999999999993,0.0,0.1999999999999993,0.006428835350288383,0.0
1,28.6,28.8,execution,tracking_view,1:d7bee851:400003,400003,0.0,0.1999999999999993,0.1999999999999993,0.42492404701064723,0.0
0,28.8,29.000000000000004,execution,tracking_view,0:340a00e9:400002,400002,0.20000000000000284,0.0,0.20000000000000284,0.0075839451900119115,0.0
1,28.8,29.000000000000004,execution,tracking_view,1:d7bee851:400003,400003,0.0,0.20000000000000284,0.20000000000000284,0.3434144693104208,0.0
0,29.000000000000004,29.200000000000003,observation_dwell,observation_dwell,0:340a00e9:400002,400002,0.1999999999999993,0.0,0.1999999999999993,0.01130906736227066,0.0
1,29.000000000000004,29.200000000000003,execution,tracking_view,1:d7bee851:400003,400003,0.0,0.1999999999999993,0.1999999999999993,0.2617582379995735,0.0
1,29.200000000000003,29.400000000000002,execution,tracking_view,1:d7bee851:400003,400003,0.0,0.1999999999999993,0.1999999999999993,0.17554208999609916,0.0
0,29.200000000000003,29.400000000000002,allocation_wait,idle,0:340a00e9:400002,400002,0.1999999999999993,0.0,0.1999999999999993,0.012185291633568351,0.0
0,29.400000000000002,29.6,allocation_wait,idle,0:340a00e9:400002,400002,0.1999999999999993,0.0,0.1999999999999993,0.00993312642029698,0.0
1,29.400000000000002,29.6,execution,tracking_view,1:d7bee851:400003,400003,0.1340000000000039,0.0659999999999954,0.1999999999999993,0.09205201288470372,0.0
0,29.6,29.8,allocation_wait,idle,0:340a00e9:400002,400002,0.1999999999999993,0.0,0.1999999999999993,0.005994742414152138,0.0
1,29.6,29.8,execution,tracking_view,1:d7bee851:400003,400003,0.1999999999999993,0.0,0.1999999999999993,0.024707488543829672,0.0
0,29.8,30.000000000000004,allocation_wait,idle,0:340a00e9:400002,400002,0.20000000000000284,0.0,0.20000000000000284,0.011313646271171164,0.0
1,29.8,30.000000000000004,execution,tracking_view,1:d7bee851:400003,400003,0.20000000000000284,0.0,0.20000000000000284,0.031941648082731935,0.0
1,30.000000000000004,30.200000000000003,execution,tracking_view,1:d7bee851:400003,400003,0.1999999999999993,0.0,0.1999999999999993,0.05127780036279252,0.0
0,30.000000000000004,30.200000000000003,allocation_wait,idle,0:340a00e9:400002,400002,0.1999999999999993,0.0,0.1999999999999993,0.017867447514340676,0.1999999999999993
0,30.200000000000003,30.400000000000002,allocation_wait,idle,0:340a00e9:400002,400002,0.1999999999999993,0.0,0.1999999999999993,0.016253756537939777,0.1999999999999993
1,30.200000000000003,30.400000000000002,observation_dwell,observation_dwell,1:d7bee851:400003,400003,0.1999999999999993,0.0,0.1999999999999993,0.03758325139554264,0.0
0,30.400000000000002,30.6,planning_wait,idle,0:340a00e9:400002,400002,0.1999999999999993,0.0,0.1999999999999993,0.011097797598879805,0.1999999999999993
1,30.400000000000002,30.6,allocation_wait,idle,1:d7bee851:400003,400003,0.1999999999999993,0.0,0.1999999999999993,0.01378837184292143,0.0
0,30.6,30.8,planning_wait,idle,0:340a00e9:400002,400002,0.1999999999999993,0.0,0.1999999999999993,0.011107986401849873,0.1999999999999993
1,30.6,30.8,allocation_wait,idle,1:d7bee851:400003,400003,0.1999999999999993,0.0,0.1999999999999993,0.01611347403040025,0.0
0,30.8,31.000000000000004,planning_wait,idle,0:340a00e9:400002,400002,0.20000000000000284,0.0,0.20000000000000284,0.012003329124667887,0.1769999999999996
1,30.8,31.000000000000004,allocation_wait,idle,1:d7bee851:400003,400003,0.20000000000000284,0.0,0.20000000000000284,0.021203043476975072,0.0
1,31.000000000000004,31.200000000000003,allocation_wait,idle,1:d7bee851:400003,400003,0.1999999999999993,0.0,0.1999999999999993,0.021009707888870934,0.1999999999999993
0,31.000000000000004,31.202,planning_wait,idle,0:340a00e9:400002,400002,0.20199999999999818,0.0,0.20199999999999818,0.009265071209117626,0.0
0,31.202,31.400000000000002,reservation_wait,idle,0:340a00e9:400002,400002,0.1980000000000004,0.0,0.1980000000000004,0.0036875347830867787,0.0
1,31.200000000000003,31.400000000000002,planning_wait,idle,1:d7bee851:400003,400003,0.1999999999999993,0.0,0.1999999999999993,0.01595302090164745,0.1999999999999993
0,31.400000000000002,31.6,reservation_wait,idle,0:340a00e9:400002,400002,0.1999999999999993,0.0,0.1999999999999993,0.003921682370228562,0.0
1,31.400000000000002,31.6,planning_wait,idle,1:d7bee851:400003,400003,0.1999999999999993,0.0,0.1999999999999993,0.01566361175011733,0.1999999999999993
0,31.6,31.8,reservation_wait,idle,0:340a00e9:400002,400002,0.1999999999999993,0.0,0.1999999999999993,0.008519112294207539,0.0
1,31.6,31.8,planning_wait,idle,1:d7bee851:400003,400003,0.1999999999999993,0.0,0.1999999999999993,0.012108191014327972,0.1999999999999993
1,31.8,32.0,planning_wait,idle,1:d7bee851:400003,400003,0.1999999999999993,0.0,0.1999999999999993,0.013092986122234623,0.1999999999999993
0,31.8,32.0,reservation_wait,idle,0:340a00e9:400002,400002,0.1999999999999993,0.0,0.1999999999999993,0.011701835495307558,0.0
0,32.0,32.2,allocation_wait,idle,0:340a00e9:400002,400002,0.20000000000000284,0.0,0.20000000000000284,0.012645146486287822,0.0
1,32.0,32.2,allocation_wait,idle,1:d7bee851:400003,400003,0.20000000000000284,0.0,0.20000000000000284,0.0164630120159746,0.0
0,32.2,32.4,execution,tracking_view,0:340a00e9:400003,400003,0.19999999999999574,0.0,0.19999999999999574,0.024128582194925516,0.0
1,32.2,32.402,allocation_wait,idle,1:d7bee851:400003,400003,0.20199999999999818,0.0,0.20199999999999818,0.01300724459247916,0.0
0,32.4,32.6,execution,tracking_view,0:340a00e9:400003,400003,0.20000000000000284,0.0,0.20000000000000284,0.030104581216859726,0.10000000000000142
1,32.402,32.6,reservation_wait,idle,1:d7bee851:400003,400003,0.1980000000000004,0.0,0.1980000000000004,0.008498595992655759,0.0
0,32.6,32.800000000000004,execution,tracking_view,0:340a00e9:400003,400003,0.20000000000000284,0.0,0.20000000000000284,0.05208481855529162,0.20000000000000284
1,32.6,32.800000000000004,reservation_wait,idle,1:d7bee851:400003,400003,0.20000000000000284,0.0,0.20000000000000284,0.006783483854053412,0.0
0,32.800000000000004,33.0,execution,tracking_view,0:340a00e9:400003,400003,0.11599999999998545,0.08400000000001029,0.19999999999999574,0.09639270835110184,0.19999999999999574
1,32.800000000000004,33.0,reservation_wait,idle,1:d7bee851:400003,400003,0.19999999999999574,0.0,0.19999999999999574,0.00750108958208639,0.0
0,33.0,33.2,execution,tracking_view,0:340a00e9:400003,400003,0.0,0.20000000000000284,0.20000000000000284,0.1407358802835751,0.20000000000000284
1,33.0,33.2,reservation_wait,idle,1:d7bee851:400003,400003,0.20000000000000284,0.0,0.20000000000000284,0.008952580965818621,0.0
0,33.2,33.4,execution,tracking_view,0:340a00e9:400003,400003,0.0,0.19999999999999574,0.19999999999999574,0.19599495760620078,0.19999999999999574
1,33.2,33.4,allocation_wait,idle,1:d7bee851:400003,400003,0.19999999999999574,0.0,0.19999999999999574,0.012224095148503991,0.0
0,33.4,33.6,execution,tracking_view,0:340a00e9:400003,400003,0.0,0.20000000000000284,0.20000000000000284,0.24226832784777597,0.0870000000000033
1,33.4,33.6,execution,tracking_view,1:d7bee851:400004,400004,0.20000000000000284,0.0,0.20000000000000284,0.022027551648228456,0.10000000000000142
0,33.6,33.800000000000004,execution,tracking_view,0:340a00e9:400003,400003,0.0,0.20000000000000284,0.20000000000000284,0.30684380781203086,0.0
1,33.6,33.800000000000004,execution,tracking_view,1:d7bee851:400004,400004,0.20000000000000284,0.0,0.20000000000000284,0.01725701368936708,0.20000000000000284
0,33.800000000000004,34.0,execution,tracking_view,0:340a00e9:400003,400003,0.0,0.19999999999999574,0.19999999999999574,0.34776560824252656,0.0
1,33.800000000000004,34.0,execution,tracking_view,1:d7bee851:400004,400004,0.19999999999999574,0.0,0.19999999999999574,0.03638349761797969,0.19999999999999574
0,34.0,34.2,execution,tracking_view,0:340a00e9:400003,400003,0.0,0.20000000000000284,0.20000000000000284,0.40131146198556616,0.0
1,34.0,34.2,execution,tracking_view,1:d7bee851:400004,400004,0.12299999999999756,0.07700000000000529,0.20000000000000284,0.09247407813098903,0.20000000000000284
1,34.2,34.400000000000006,execution,tracking_view,1:d7bee851:400004,400004,0.013999999999995794,0.18600000000000705,0.20000000000000284,0.15996142668623625,0.1529999999999987
0,34.2,34.400000000000006,execution,tracking_view,0:340a00e9:400003,400003,0.0,0.20000000000000284,0.20000000000000284,0.4441589833949907,0.0
0,34.400000000000006,34.6,execution,tracking_view,0:340a00e9:400003,400003,0.0,0.19999999999999574,0.19999999999999574,0.4820823278873955,0.0
1,34.400000000000006,34.6,execution,tracking_view,1:d7bee851:400004,400004,0.0,0.19999999999999574,0.19999999999999574,0.22765900371843414,0.0
1,34.6,34.800000000000004,execution,tracking_view,1:d7bee851:400004,400004,0.0,0.20000000000000284,0.20000000000000284,0.28510484623239385,0.0
0,34.6,34.800000000000004,execution,tracking_view,0:340a00e9:400003,400003,0.0,0.20000000000000284,0.20000000000000284,0.5219556311262508,0.0
0,34.800000000000004,35.0,execution,tracking_view,0:340a00e9:400003,400003,0.0,0.19999999999999574,0.19999999999999574,0.554261295586832,0.0
1,34.800000000000004,35.0,execution,tracking_view,1:d7bee851:400004,400004,0.0,0.19999999999999574,0.19999999999999574,0.3457300493263558,0.0
1,35.0,35.2,execution,tracking_view,1:d7bee851:400004,400004,0.0,0.20000000000000284,0.20000000000000284,0.4138368236831358,0.0
0,35.0,35.201,execution,tracking_view,0:340a00e9:400003,400003,0.0,0.2010000000000005,0.2010000000000005,0.5790690115906207,0.0
0,35.201,35.400000000000006,execution,tracking_view,0:340a00e9:400003,400003,0.0,0.19900000000000517,0.19900000000000517,0.5927068803970733,0.0
1,35.2,35.400000000000006,execution,tracking_view,1:d7bee851:400004,400004,0.0,0.20000000000000284,0.20000000000000284,0.4611878548191779,0.0
0,35.400000000000006,35.6,execution,tracking_view,0:340a00e9:400003,400003,0.0,0.19999999999999574,0.19999999999999574,0.5929895220845962,0.0
1,35.400000000000006,35.6,execution,tracking_view,1:d7bee851:400004,400004,0.0,0.19999999999999574,0.19999999999999574,0.5002655117039394,0.0
1,35.6,35.800000000000004,execution,tracking_view,1:d7bee851:400004,400004,0.0,0.20000000000000284,0.20000000000000284,0.534482818680343,0.0
0,35.6,35.800000000000004,execution,tracking_view,0:340a00e9:400003,400003,0.0,0.20000000000000284,0.20000000000000284,0.5965650685783648,0.0
0,35.800000000000004,36.0,execution,tracking_view,0:340a00e9:400003,400003,0.0,0.19999999999999574,0.19999999999999574,0.5925030130430889,0.0
1,35.800000000000004,36.0,execution,tracking_view,1:d7bee851:400004,400004,0.0,0.19999999999999574,0.19999999999999574,0.5635900176847487,0.0
0,36.0,36.2,execution,tracking_view,0:340a00e9:400003,400003,0.0,0.20000000000000284,0.20000000000000284,0.5742910471346298,0.0
1,36.0,36.2,execution,tracking_view,1:d7bee851:400004,400004,0.0,0.20000000000000284,0.20000000000000284,0.58029876520497,0.0
0,36.2,36.400000000000006,execution,tracking_view,0:340a00e9:400003,400003,0.0,0.20000000000000284,0.20000000000000284,0.5525474974903624,0.0
1,36.2,36.400000000000006,execution,tracking_view,1:d7bee851:400004,400004,0.0,0.20000000000000284,0.20000000000000284,0.5928344917798164,0.0
1,36.400000000000006,36.6,execution,tracking_view,1:d7bee851:400004,400004,0.0,0.19999999999999574,0.19999999999999574,0.60219751983548,0.0
0,36.400000000000006,36.6,execution,tracking_view,0:340a00e9:400003,400003,0.0,0.19999999999999574,0.19999999999999574,0.5228594486129893,0.0
0,36.6,36.800000000000004,execution,tracking_view,0:340a00e9:400003,400003,0.0,0.20000000000000284,0.20000000000000284,0.4880910518685765,0.0
1,36.6,36.800000000000004,execution,tracking_view,1:d7bee851:400004,400004,0.0,0.20000000000000284,0.20000000000000284,0.6018346373239294,0.0
0,36.800000000000004,37.0,execution,tracking_view,0:340a00e9:400003,400003,0.0,0.19999999999999574,0.19999999999999574,0.4403679926300331,0.0
1,36.800000000000004,37.0,execution,tracking_view,1:d7bee851:400004,400004,0.0,0.19999999999999574,0.19999999999999574,0.5833117611443799,0.0
1,37.0,37.2,execution,tracking_view,1:d7bee851:400004,400004,0.0,0.20000000000000284,0.20000000000000284,0.5576327695592478,0.0
0,37.0,37.2,execution,tracking_view,0:340a00e9:400003,400003,0.0,0.20000000000000284,0.20000000000000284,0.39616936611801934,0.0
1,37.2,37.400000000000006,execution,tracking_view,1:d7bee851:400004,400004,0.0,0.20000000000000284,0.20000000000000284,0.519998191265648,0.0
0,37.2,37.400000000000006,execution,tracking_view,0:340a00e9:400003,400003,0.0,0.20000000000000284,0.20000000000000284,0.34709480229878187,0.0
0,37.400000000000006,37.6,execution,tracking_view,0:340a00e9:400003,400003,0.0,0.19999999999999574,0.19999999999999574,0.30384986523824425,0.10000000000000142
1,37.400000000000006,37.601,execution,tracking_view,1:d7bee851:400004,400004,0.0,0.2009999999999934,0.2009999999999934,0.48174647203180576,0.0
0,37.6,37.800000000000004,execution,tracking_view,0:340a00e9:400003,400003,0.0,0.20000000000000284,0.20000000000000284,0.25887264222821055,0.20000000000000284
1,37.601,37.801,execution,tracking_view,1:d7bee851:400004,400004,0.0,0.20000000000000284,0.20000000000000284,0.43046831826766685,0.0
0,37.800000000000004,38.0,execution,tracking_view,0:340a00e9:400003,400003,0.0,0.19999999999999574,0.19999999999999574,0.21138306222197673,0.19999999999999574
1,37.801,38.0,execution,tracking_view,1:d7bee851:400004,400004,0.0,0.19899999999999807,0.19899999999999807,0.376915481227087,0.0
1,38.0,38.2,execution,tracking_view,1:d7bee851:400004,400004,0.0,0.20000000000000284,0.20000000000000284,0.31524854335902164,0.20000000000000284
0,38.0,38.201,execution,tracking_view,0:340a00e9:400003,400003,0.0,0.2010000000000005,0.2010000000000005,0.16025275675809153,0.2010000000000005
0,38.201,38.400000000000006,execution,tracking_view,0:340a00e9:400003,400003,0.0420000000000087,0.15699999999999648,0.19900000000000517,0.11345878967102302,0.19900000000000517
1,38.2,38.400000000000006,execution,tracking_view,1:d7bee851:400004,400004,0.0,0.20000000000000284,0.20000000000000284,0.2686717337575472,0.20000000000000284
0,38.400000000000006,38.6,execution,tracking_view,0:340a00e9:400003,400003,0.1909999999999954,0.009000000000000341,0.19999999999999574,0.0674178981853305,0.19999999999999574
1,38.400000000000006,38.6,execution,tracking_view,1:d7bee851:400004,400004,0.0,0.19999999999999574,0.19999999999999574,0.21776165419880603,0.19999999999999574
0,38.6,38.801,execution,tracking_view,0:340a00e9:400003,400003,0.2010000000000005,0.0,0.2010000000000005,0.02274368778116125,0.2010000000000005
1,38.6,38.800000000000004,execution,tracking_view,1:d7bee851:400004,400004,0.0,0.20000000000000284,0.20000000000000284,0.16926640142064592,0.20000000000000284
0,38.801,39.0,execution,tracking_view,0:340a00e9:400003,400003,0.19899999999999807,0.0,0.19899999999999807,0.013370387885993654,0.19899999999999807
1,38.800000000000004,39.0,execution,tracking_view,1:d7bee851:400004,400004,0.026999999999993918,0.17300000000000182,0.19999999999999574,0.12434765198901905,0.19999999999999574
1,39.0,39.2,execution,tracking_view,1:d7bee851:400004,400004,0.19200000000000017,0.008000000000002672,0.20000000000000284,0.07645659137422418,0.20000000000000284
0,39.0,39.2,execution,tracking_view,0:340a00e9:400003,400003,0.20000000000000284,0.0,0.20000000000000284,0.021954408675141753,0.1110000000000042
0,39.2,39.400000000000006,observation_dwell,observation_dwell,0:340a00e9:400003,400003,0.20000000000000284,0.0,0.20000000000000284,0.020089825005184605,0.0
1,39.2,39.400000000000006,execution,tracking_view,1:d7bee851:400004,400004,0.20000000000000284,0.0,0.20000000000000284,0.034394486597601685,0.0
0,39.400000000000006,39.6,observation_dwell,observation_dwell,0:340a00e9:400003,400003,0.19999999999999574,0.0,0.19999999999999574,0.010118792928596042,0.0
1,39.400000000000006,39.6,execution,tracking_view,1:d7bee851:400004,400004,0.19999999999999574,0.0,0.19999999999999574,0.009309062268496369,0.0
0,39.6,39.800000000000004,allocation_wait,idle,0:340a00e9:400003,400003,0.20000000000000284,0.0,0.20000000000000284,0.014373104327469891,0.0
1,39.6,39.800000000000004,execution,tracking_view,1:d7bee851:400004,400004,0.20000000000000284,0.0,0.20000000000000284,0.01557694662708418,0.0
1,39.800000000000004,40.0,observation_dwell,observation_dwell,1:d7bee851:400004,400004,0.19999999999999574,0.0,0.19999999999999574,0.01709053642841653,0.0
0,39.800000000000004,40.0,allocation_wait,idle,0:340a00e9:400003,400003,0.19999999999999574,0.0,0.19999999999999574,0.018725568881139347,0.0
0,40.0,40.2,allocation_wait,idle,0:340a00e9:400003,400003,0.20000000000000284,0.0,0.20000000000000284,0.01764528843111953,0.0
1,40.0,40.2,allocation_wait,idle,1:d7bee851:400004,400004,0.20000000000000284,0.0,0.20000000000000284,0.010358627186930227,0.0
0,40.2,40.400000000000006,allocation_wait,idle,0:340a00e9:400003,400003,0.20000000000000284,0.0,0.20000000000000284,0.013996767063049117,0.0
1,40.2,40.400000000000006,allocation_wait,idle,1:d7bee851:400004,400004,0.20000000000000284,0.0,0.20000000000000284,0.006812303208966928,0.0
0,40.400000000000006,40.6,reservation_wait,idle,0:340a00e9:400003,400003,0.19999999999999574,0.0,0.19999999999999574,0.011719595243998333,0.0
1,40.400000000000006,40.601,allocation_wait,idle,1:d7bee851:400004,400004,0.2009999999999934,0.0,0.2009999999999934,0.007563087549688835,0.10099999999999909
0,40.6,40.800000000000004,reservation_wait,idle,0:340a00e9:400003,400003,0.20000000000000284,0.0,0.20000000000000284,0.009151145254243265,0.0
1,40.601,40.800000000000004,allocation_wait,idle,1:d7bee851:400004,400004,0.19900000000000517,0.0,0.19900000000000517,0.005941947678615313,0.19900000000000517
0,40.800000000000004,41.0,reservation_wait,idle,0:340a00e9:400003,400003,0.19999999999999574,0.0,0.19999999999999574,0.01087193730827668,0.0
1,40.800000000000004,41.0,allocation_wait,idle,1:d7bee851:400004,400004,0.19999999999999574,0.0,0.19999999999999574,0.008772888149341136,0.19999999999999574
0,41.0,41.2,reservation_wait,idle,0:340a00e9:400003,400003,0.20000000000000284,0.0,0.20000000000000284,0.007728516138814884,0.0
1,41.0,41.201,planning_wait,idle,1:d7bee851:400004,400004,0.2010000000000005,0.0,0.2010000000000005,0.015661121131653053,0.2010000000000005
0,41.2,41.400000000000006,allocation_wait,idle,0:340a00e9:400003,400003,0.20000000000000284,0.0,0.20000000000000284,0.004506869468483258,0.0
1,41.201,41.400000000000006,planning_wait,idle,1:d7bee851:400004,400004,0.19900000000000517,0.0,0.19900000000000517,0.016370971033421777,0.19900000000000517
0,41.400000000000006,41.6,execution,tracking_view,0:340a00e9:400004,400004,0.19999999999999574,0.0,0.19999999999999574,0.0077304096812474314,0.10000000000000142
1,41.400000000000006,41.6,planning_wait,idle,1:d7bee851:400004,400004,0.19999999999999574,0.0,0.19999999999999574,0.014666344362285111,0.19999999999999574
0,41.6,41.800000000000004,execution,tracking_view,0:340a00e9:400004,400004,0.20000000000000284,0.0,0.20000000000000284,0.01141006439002644,0.20000000000000284
1,41.6,41.800000000000004,planning_wait,idle,1:d7bee851:400004,400004,0.20000000000000284,0.0,0.20000000000000284,0.011238542422510078,0.20000000000000284
0,41.800000000000004,42.001000000000005,execution,tracking_view,0:340a00e9:400004,400004,0.19999999999999574,0.0010000000000047748,0.2010000000000005,0.025869297737115583,0.2010000000000005
1,41.800000000000004,42.0,planning_wait,idle,1:d7bee851:400004,400004,0.19999999999999574,0.0,0.19999999999999574,0.00758412448484323,0.19999999999999574
0,42.001000000000005,42.201,execution,tracking_view,0:340a00e9:400004,400004,0.19999999999999574,0.0,0.19999999999999574,0.054919741070650965,0.19999999999999574
1,42.0,42.201,planning_wait,idle,1:d7bee851:400004,400004,0.2010000000000005,0.0,0.2010000000000005,0.009734319929738779,0.2010000000000005
1,42.201,42.400000000000006,planning_wait,idle,1:d7bee851:400004,400004,0.19900000000000517,0.0,0.19900000000000517,0.013783614711482518,0.19900000000000517
0,42.201,42.400000000000006,execution,tracking_view,0:340a00e9:400004,400004,0.15500000000000114,0.044000000000004036,0.19900000000000517,0.09109490751194912,0.19900000000000517
0,42.400000000000006,42.6,execution,tracking_view,0:340a00e9:400004,400004,0.012000000000000455,0.18799999999999528,0.19999999999999574,0.13491330220182993,0.09999999999999432
1,42.400000000000006,42.6,allocation_wait,idle,1:d7bee851:400004,400004,0.19999999999999574,0.0,0.19999999999999574,0.010716974660116532,0.19999999999999574
0,42.6,42.800000000000004,execution,tracking_view,0:340a00e9:400004,400004,0.0,0.20000000000000284,0.20000000000000284,0.17960411962390227,0.0
1,42.6,42.800000000000004,allocation_wait,idle,1:d7bee851:400004,400004,0.20000000000000284,0.0,0.20000000000000284,0.008832643879853662,0.20000000000000284
0,42.800000000000004,43.0,execution,tracking_view,0:340a00e9:400004,400004,0.0,0.19999999999999574,0.19999999999999574,0.22967666226309735,0.0
1,42.800000000000004,43.0,planning_wait,idle,1:d7bee851:400004,400004,0.19999999999999574,0.0,0.19999999999999574,0.00964910051162477,0.19999999999999574
0,43.0,43.2,execution,tracking_view,0:340a00e9:400004,400004,0.0,0.20000000000000284,0.20000000000000284,0.26846457496922554,0.0
1,43.0,43.2,planning_wait,idle,1:d7bee851:400004,400004,0.20000000000000284,0.0,0.20000000000000284,0.007105279884974642,0.20000000000000284
0,43.2,43.400000000000006,execution,tracking_view,0:340a00e9:400004,400004,0.0,0.20000000000000284,0.20000000000000284,0.30428366952693275,0.0
1,43.2,43.400000000000006,planning_wait,idle,1:d7bee851:400004,400004,0.20000000000000284,0.0,0.20000000000000284,0.003972329606664297,0.20000000000000284
0,43.400000000000006,43.6,execution,tracking_view,0:340a00e9:400004,400004,0.0,0.19999999999999574,0.19999999999999574,0.34994979616073046,0.0
1,43.400000000000006,43.6,planning_wait,idle,1:d7bee851:400004,400004,0.19999999999999574,0.0,0.19999999999999574,0.010720251160372465,0.19999999999999574
0,43.6,43.800000000000004,execution,tracking_view,0:340a00e9:400004,400004,0.0,0.20000000000000284,0.20000000000000284,0.3933390808646935,0.0
1,43.6,43.800000000000004,planning_wait,idle,1:d7bee851:400004,400004,0.20000000000000284,0.0,0.20000000000000284,0.01918895330589695,0.20000000000000284
0,43.800000000000004,44.0,execution,tracking_view,0:340a00e9:400004,400004,0.0,0.19999999999999574,0.19999999999999574,0.4222776536570869,0.0
1,43.800000000000004,44.0,planning_wait,idle,1:d7bee851:400004,400004,0.19999999999999574,0.0,0.19999999999999574,0.017796487337588894,0.19999999999999574
0,44.0,44.2,execution,tracking_view,0:340a00e9:400004,400004,0.0,0.20000000000000284,0.20000000000000284,0.4546814088947633,0.0
1,44.0,44.2,planning_wait,idle,1:d7bee851:400004,400004,0.20000000000000284,0.0,0.20000000000000284,0.01012906062204347,0.20000000000000284
1,44.2,44.400000000000006,planning_wait,idle,1:d7bee851:400004,400004,0.20000000000000284,0.0,0.20000000000000284,0.010591377378053496,0.20000000000000284
0,44.2,44.400000000000006,execution,tracking_view,0:340a00e9:400004,400004,0.0,0.20000000000000284,0.20000000000000284,0.48487145870912557,0.0
0,44.400000000000006,44.6,execution,tracking_view,0:340a00e9:400004,400004,0.0,0.19999999999999574,0.19999999999999574,0.5062460551268946,0.0
1,44.400000000000006,44.6,planning_wait,idle,1:d7bee851:400004,400004,0.19999999999999574,0.0,0.19999999999999574,0.009509990976590261,0.19999999999999574
1,44.6,44.800000000000004,planning_wait,idle,1:d7bee851:400004,400004,0.20000000000000284,0.0,0.20000000000000284,0.006023700512297356,0.20000000000000284
0,44.6,44.801,execution,tracking_view,0:340a00e9:400004,400004,0.0,0.2010000000000005,0.2010000000000005,0.534721595903691,0.0
0,44.801,45.0,execution,tracking_view,0:340a00e9:400004,400004,0.0,0.19899999999999807,0.19899999999999807,0.5586813329765721,0.0
1,44.800000000000004,45.0,planning_wait,idle,1:d7bee851:400004,400004,0.19999999999999574,0.0,0.19999999999999574,0.006907788309575719,0.19999999999999574
1,45.0,45.2,planning_wait,idle,1:d7bee851:400004,400004,0.19900000000000517,0.0009999999999976694,0.20000000000000284,0.01269074304256041,0.20000000000000284
0,45.0,45.2,execution,tracking_view,0:340a00e9:400004,400004,0.0,0.20000000000000284,0.20000000000000284,0.5720616416790599,0.0
0,45.2,45.400000000000006,execution,tracking_view,0:340a00e9:400004,400004,0.0,0.20000000000000284,0.20000000000000284,0.5912821297665424,0.0
1,45.2,45.400000000000006,planning_wait,idle,1:d7bee851:400004,400004,0.20000000000000284,0.0,0.20000000000000284,0.014208701869644071,0.20000000000000284
0,45.400000000000006,45.6,execution,tracking_view,0:340a00e9:400004,400004,0.0,0.19999999999999574,0.19999999999999574,0.59231243623159,0.0
1,45.400000000000006,45.6,planning_wait,idle,1:d7bee851:400004,400004,0.19999999999999574,0.0,0.19999999999999574,0.01061602192532731,0.19999999999999574
1,45.6,45.800000000000004,planning_wait,idle,1:d7bee851:400004,400004,0.20000000000000284,0.0,0.20000000000000284,0.00888007863113918,0.20000000000000284
0,45.6,45.800000000000004,execution,tracking_view,0:340a00e9:400004,400004,0.0,0.20000000000000284,0.20000000000000284,0.5978918890535173,0.0
0,45.800000000000004,46.0,execution,tracking_view,0:340a00e9:400004,400004,0.0,0.19999999999999574,0.19999999999999574,0.6012372394305084,0.0
1,45.800000000000004,46.0,planning_wait,idle,1:d7bee851:400004,400004,0.19999999999999574,0.0,0.19999999999999574,0.009940685763298098,0.19999999999999574
0,46.0,46.2,execution,tracking_view,0:340a00e9:400004,400004,0.0,0.20000000000000284,0.20000000000000284,0.5848659901776389,0.0
1,46.0,46.2,planning_wait,idle,1:d7bee851:400004,400004,0.20000000000000284,0.0,0.20000000000000284,0.007342317990865272,0.20000000000000284
0,46.2,46.400000000000006,execution,tracking_view,0:340a00e9:400004,400004,0.0,0.20000000000000284,0.20000000000000284,0.5717004592765252,0.0
1,46.2,46.400000000000006,planning_wait,idle,1:d7bee851:400004,400004,0.20000000000000284,0.0,0.20000000000000284,0.004089740742452795,0.20000000000000284
1,46.400000000000006,46.6,planning_wait,idle,1:d7bee851:400004,400004,0.19999999999999574,0.0,0.19999999999999574,0.003629549746040451,0.19999999999999574
0,46.400000000000006,46.6,execution,tracking_view,0:340a00e9:400005,400005,0.0,0.19999999999999574,0.19999999999999574,0.5526078307493664,0.0
1,46.6,46.800000000000004,planning_wait,idle,1:d7bee851:400004,400004,0.20000000000000284,0.0,0.20000000000000284,0.00573130796468297,0.20000000000000284
0,46.6,46.800000000000004,execution,tracking_view,0:340a00e9:400005,400005,0.0,0.20000000000000284,0.20000000000000284,0.5337534975528678,0.0
0,46.800000000000004,47.0,execution,tracking_view,0:340a00e9:400005,400005,0.0,0.19999999999999574,0.19999999999999574,0.5475405033729847,0.0
1,46.800000000000004,47.0,planning_wait,idle,1:d7bee851:400004,400004,0.19999999999999574,0.0,0.19999999999999574,0.010030752307135779,0.19999999999999574
0,47.0,47.2,execution,tracking_view,0:340a00e9:400005,400005,0.0,0.20000000000000284,0.20000000000000284,0.5639735976504993,0.20000000000000284
1,47.0,47.2,planning_wait,idle,1:d7bee851:400004,400004,0.20000000000000284,0.0,0.20000000000000284,0.006089930088878668,0.20000000000000284
0,47.2,47.400000000000006,execution,tracking_view,0:340a00e9:400005,400005,0.0,0.20000000000000284,0.20000000000000284,0.5800752922913799,0.20000000000000284
1,47.2,47.400000000000006,planning_wait,idle,1:d7bee851:400004,400004,0.20000000000000284,0.0,0.20000000000000284,0.010597934962784402,0.08800000000000097
0,47.400000000000006,47.6,execution,tracking_view,0:340a00e9:400005,400005,0.0,0.19999999999999574,0.19999999999999574,0.5717374742128315,0.19999999999999574
1,47.400000000000006,47.6,planning_wait,idle,1:d7bee851:400004,400004,0.19999999999999574,0.0,0.19999999999999574,0.011429712992631104,0.0
0,47.6,47.800000000000004,execution,tracking_view,0:340a00e9:400005,400005,0.0,0.20000000000000284,0.20000000000000284,0.5127129420364989,0.20000000000000284
1,47.6,47.801,reservation_wait,idle,1:d7bee851:400004,400004,0.2010000000000005,0.0,0.2010000000000005,0.011617221233167033,0.0
0,47.800000000000004,48.0,execution,tracking_view,0:340a00e9:400005,400005,0.0,0.19999999999999574,0.19999999999999574,0.42521515670038784,0.19999999999999574
1,47.801,48.0,reservation_wait,idle,1:d7bee851:400004,400004,0.19899999999999807,0.0,0.19899999999999807,0.009360041530962555,0.0
0,48.0,48.2,execution,tracking_view,0:340a00e9:400005,400005,0.0,0.20000000000000284,0.20000000000000284,0.3172683090046881,0.20000000000000284
1,48.0,48.2,reservation_wait,idle,1:d7bee851:400004,400004,0.20000000000000284,0.0,0.20000000000000284,0.010357432237482457,0.0
0,48.2,48.400000000000006,execution,tracking_view,0:340a00e9:400005,400005,0.0,0.20000000000000284,0.20000000000000284,0.19063876140322225,0.20000000000000284
1,48.2,48.400000000000006,reservation_wait,idle,1:d7bee851:400004,400004,0.20000000000000284,0.0,0.20000000000000284,0.01243813766102111,0.0
1,48.400000000000006,48.6,allocation_wait,idle,1:d7bee851:400004,400004,0.19999999999999574,0.0,0.19999999999999574,0.01059705051362051,0.10000000000000142
0,48.400000000000006,48.6,execution,tracking_view,0:340a00e9:400005,400005,0.15500000000000114,0.0449999999999946,0.19999999999999574,0.06624715541374275,0.19999999999999574
0,48.6,48.800000000000004,execution,tracking_view,0:340a00e9:400005,400005,0.20000000000000284,0.0,0.20000000000000284,0.03601169784457758,0.13500000000000512
1,48.6,48.800000000000004,execution,tracking_view,1:d7bee851:400005,400005,0.20000000000000284,0.0,0.20000000000000284,0.016825327591670637,0.20000000000000284
0,48.800000000000004,49.0,execution,tracking_view,0:340a00e9:400005,400005,0.17499999999999716,0.02499999999999858,0.19999999999999574,0.08756287233119121,0.0
1,48.800000000000004,49.0,execution,tracking_view,1:d7bee851:400005,400005,0.17099999999999937,0.028999999999996362,0.19999999999999574,0.06786989672644607,0.19999999999999574
0,49.0,49.2,observation_dwell,observation_dwell,0:340a00e9:400005,400005,0.19200000000000017,0.008000000000002672,0.20000000000000284,0.07501184490713614,0.0
1,49.0,49.2,execution,tracking_view,1:d7bee851:400005,400005,0.0,0.20000000000000284,0.20000000000000284,0.17390411668718514,0.20000000000000284
0,49.2,49.400000000000006,allocation_wait,idle,0:340a00e9:400005,400005,0.20000000000000284,0.0,0.20000000000000284,0.03486125582774552,0.0
1,49.2,49.400000000000006,execution,tracking_view,1:d7bee851:400005,400005,0.0,0.20000000000000284,0.20000000000000284,0.30717592814747435,0.20000000000000284
1,49.400000000000006,49.6,execution,tracking_view,1:d7bee851:400005,400005,0.0,0.19999999999999574,0.19999999999999574,0.44427009359074254,0.19999999999999574
0,49.400000000000006,49.6,allocation_wait,idle,0:340a00e9:400005,400005,0.19999999999999574,0.0,0.19999999999999574,0.006764108351289326,0.0
1,49.6,49.800000000000004,execution,tracking_view,1:d7bee851:400005,400005,0.0,0.20000000000000284,0.20000000000000284,0.5485434198896015,0.16799999999999926
0,49.6,49.800000000000004,allocation_wait,idle,0:340a00e9:400005,400005,0.20000000000000284,0.0,0.20000000000000284,0.019133805340944533,0.0
0,49.800000000000004,50.0,allocation_wait,idle,0:340a00e9:400005,400005,0.19999999999999574,0.0,0.19999999999999574,0.03229571385006785,0.0
1,49.800000000000004,50.0,execution,tracking_view,1:d7bee851:400005,400005,0.0,0.19999999999999574,0.19999999999999574,0.6189437026745332,0.0
0,50.0,50.2,allocation_wait,idle,0:340a00e9:400005,400005,0.20000000000000284,0.0,0.20000000000000284,0.038088684002925116,0.0
1,50.0,50.2,execution,tracking_view,1:d7bee851:400005,400005,0.0,0.20000000000000284,0.20000000000000284,0.6536402908301288,0.0
0,50.2,50.400000000000006,allocation_wait,idle,0:340a00e9:400005,400005,0.20000000000000284,0.0,0.20000000000000284,0.0353414713516851,0.0
1,50.2,50.400000000000006,execution,tracking_view,1:d7bee851:400005,400005,0.0,0.20000000000000284,0.20000000000000284,0.6543053605782116,0.0
0,50.400000000000006,50.6,reservation_wait,idle,0:340a00e9:400005,400005,0.19999999999999574,0.0,0.19999999999999574,0.02657894187065967,0.0
1,50.400000000000006,50.6,execution,tracking_view,1:d7bee851:400005,400005,0.0,0.19999999999999574,0.19999999999999574,0.6024087190348175,0.0
0,50.6,50.800000000000004,reservation_wait,idle,0:340a00e9:400005,400005,0.20000000000000284,0.0,0.20000000000000284,0.01858148514470973,0.0
1,50.6,50.801,execution,tracking_view,1:d7bee851:400005,400005,0.0,0.2010000000000005,0.2010000000000005,0.5163951225946644,0.0
1,50.801,51.0,execution,tracking_view,1:d7bee851:400005,400005,0.0,0.19899999999999807,0.19899999999999807,0.4094587473376693,0.0
0,50.800000000000004,51.0,reservation_wait,idle,0:340a00e9:400005,400005,0.19999999999999574,0.0,0.19999999999999574,0.01663879183694962,0.0
0,51.0,51.2,reservation_wait,idle,0:340a00e9:400005,400005,0.20000000000000284,0.0,0.20000000000000284,0.013163169699874166,0.0
1,51.0,51.2,execution,tracking_view,1:d7bee851:400005,400005,0.0,0.20000000000000284,0.20000000000000284,0.2842777030510582,0.0
0,51.2,51.400000000000006,allocation_wait,idle,0:340a00e9:400005,400005,0.20000000000000284,0.0,0.20000000000000284,0.010092876437979573,0.0
1,51.2,51.400000000000006,execution,tracking_view,1:d7bee851:400005,400005,0.020000000000003126,0.17999999999999972,0.20000000000000284,0.15482231412440947,0.0
1,51.400000000000006,51.6,execution,tracking_view,1:d7bee851:400005,400005,0.1909999999999954,0.009000000000000341,0.19999999999999574,0.04460026031135764,0.0
0,51.400000000000006,51.6,execution,tracking_view,0:340a00e9:400006,400006,0.19999999999999574,0.0,0.19999999999999574,0.010423192867235193,0.10000000000000142
1,51.6,51.800000000000004,execution,tracking_view,1:d7bee851:400005,400005,0.20000000000000284,0.0,0.20000000000000284,0.061944085724792736,0.0
0,51.6,51.800000000000004,execution,tracking_view,0:340a00e9:400006,400006,0.20000000000000284,0.0,0.20000000000000284,0.017340071535594918,0.20000000000000284
0,51.800000000000004,52.0,execution,tracking_view,0:340a00e9:400006,400006,0.19999999999999574,0.0,0.19999999999999574,0.031339856878927985,0.19999999999999574
1,51.800000000000004,52.0,execution,tracking_view,1:d7bee851:400005,400005,0.07600000000000051,0.12399999999999523,0.19999999999999574,0.10247521653326298,0.0
0,52.0,52.2,execution,tracking_view,0:340a00e9:400006,400006,0.20000000000000284,0.0,0.20000000000000284,0.0594960594823456,0.20000000000000284
1,52.0,52.201,observation_dwell,observation_dwell,1:d7bee851:400005,400005,0.1769999999999996,0.02400000000000091,0.2010000000000005,0.08400449864815453,0.0
1,52.201,52.400000000000006,observation_dwell,observation_dwell,1:d7bee851:400005,400005,0.19900000000000517,0.0,0.19900000000000517,0.03374901356035109,0.0
0,52.2,52.400000000000006,execution,tracking_view,0:340a00e9:400006,400006,0.09599999999999653,0.10400000000000631,0.20000000000000284,0.10006372008798833,0.20000000000000284
0,52.400000000000006,52.6,execution,tracking_view,0:340a00e9:400006,400006,0.012999999999998124,0.1869999999999976,0.19999999999999574,0.14328898621481148,0.19999999999999574
1,52.400000000000006,52.6,allocation_wait,idle,1:d7bee851:400005,400005,0.19999999999999574,0.0,0.19999999999999574,0.016426819001363533,0.0
0,52.6,52.800000000000004,execution,tracking_view,0:340a00e9:400006,400006,0.0,0.20000000000000284,0.20000000000000284,0.1898256638583967,0.20000000000000284
1,52.6,52.801,allocation_wait,idle,1:d7bee851:400005,400005,0.2010000000000005,0.0,0.2010000000000005,0.036652495827518866,0.0
0,52.800000000000004,53.0,execution,tracking_view,0:340a00e9:400006,400006,0.0,0.19999999999999574,0.19999999999999574,0.2368457167381782,0.19999999999999574
1,52.801,53.002,allocation_wait,idle,1:d7bee851:400005,400005,0.2010000000000005,0.0,0.2010000000000005,0.04511445256242894,0.0
1,53.002,53.2,allocation_wait,idle,1:d7bee851:400005,400005,0.1980000000000004,0.0,0.1980000000000004,0.04380472394585964,0.0
0,53.0,53.2,execution,tracking_view,0:340a00e9:400006,400006,0.0,0.20000000000000284,0.20000000000000284,0.2756118733354822,0.0
0,53.2,53.400000000000006,execution,tracking_view,0:340a00e9:400006,400006,0.0,0.20000000000000284,0.20000000000000284,0.3125431152722616,0.0
1,53.2,53.400000000000006,reservation_wait,idle,1:d7bee851:400005,400005,0.20000000000000284,0.0,0.20000000000000284,0.0358833791872938,0.0
1,53.400000000000006,53.6,reservation_wait,idle,1:d7bee851:400005,400005,0.19999999999999574,0.0,0.19999999999999574,0.02099823660992423,0.0
0,53.400000000000006,53.602000000000004,execution,tracking_view,0:340a00e9:400006,400006,0.0,0.20199999999999818,0.20199999999999818,0.3562256385953289,0.0
0,53.602000000000004,53.800000000000004,execution,tracking_view,0:340a00e9:400006,400006,0.0,0.1980000000000004,0.1980000000000004,0.3962181580961751,0.0
1,53.6,53.800000000000004,reservation_wait,idle,1:d7bee851:400005,400005,0.20000000000000284,0.0,0.20000000000000284,0.010891644051355896,0.0
0,53.800000000000004,54.0,execution,tracking_view,0:340a00e9:400006,400006,0.0,0.19999999999999574,0.19999999999999574,0.4353022645699596,0.0
1,53.800000000000004,54.0,reservation_wait,idle,1:d7bee851:400005,400005,0.19999999999999574,0.0,0.19999999999999574,0.011038837509234036,0.0
0,54.0,54.2,execution,tracking_view,0:340a00e9:400006,400006,0.0,0.20000000000000284,0.20000000000000284,0.4736926121115132,0.0
1,54.0,54.2,allocation_wait,idle,1:d7bee851:400005,400005,0.20000000000000284,0.0,0.20000000000000284,0.01055793711261792,0.20000000000000284
0,54.2,54.400000000000006,execution,tracking_view,0:340a00e9:400006,400006,0.0,0.20000000000000284,0.20000000000000284,0.5138546054137202,0.0
1,54.2,54.400000000000006,execution,tracking_view,1:d7bee851:400006,400006,0.20000000000000284,0.0,0.20000000000000284,0.00847863276600837,0.20000000000000284
0,54.400000000000006,54.6,execution,tracking_view,0:340a00e9:400006,400006,0.0,0.19999999999999574,0.19999999999999574,0.541254668666445,0.0
1,54.400000000000006,54.6,execution,tracking_view,1:d7bee851:400006,400006,0.19999999999999574,0.0,0.19999999999999574,0.00986224605995783,0.19999999999999574
1,54.6,54.800000000000004,execution,tracking_view,1:d7bee851:400006,400006,0.20000000000000284,0.0,0.20000000000000284,0.03456994153212025,0.20000000000000284
0,54.6,54.800000000000004,execution,tracking_view,0:340a00e9:400006,400006,0.0,0.20000000000000284,0.20000000000000284,0.5653225521025821,0.0
0,54.800000000000004,55.0,execution,tracking_view,0:340a00e9:400006,400006,0.0,0.19999999999999574,0.19999999999999574,0.582944647836965,0.0
1,54.800000000000004,55.0,execution,tracking_view,1:d7bee851:400006,400006,0.19499999999999318,0.005000000000002558,0.19999999999999574,0.06977044717753171,0.19999999999999574
0,55.0,55.2,execution,tracking_view,0:340a00e9:400006,400006,0.0,0.20000000000000284,0.20000000000000284,0.5863337173275416,0.0
1,55.0,55.201,execution,tracking_view,1:d7bee851:400006,400006,0.06199999999999761,0.1390000000000029,0.2010000000000005,0.10902896735937782,0.2010000000000005
0,55.2,55.400000000000006,execution,tracking_view,0:340a00e9:400007,400007,0.0,0.20000000000000284,0.20000000000000284,0.5777965457976746,0.0
1,55.201,55.400000000000006,execution,tracking_view,1:d7bee851:400006,400006,0.0,0.19900000000000517,0.19900000000000517,0.15129051590501663,0.09700000000000131
0,55.400000000000006,55.6,execution,tracking_view,0:340a00e9:400007,400007,0.0,0.19999999999999574,0.19999999999999574,0.5729921723536366,0.0
1,55.400000000000006,55.6,execution,tracking_view,1:d7bee851:400006,400006,0.0,0.19999999999999574,0.19999999999999574,0.19157045695377367,0.0
0,55.6,55.800000000000004,execution,tracking_view,0:340a00e9:400007,400007,0.0,0.20000000000000284,0.20000000000000284,0.5722993156027139,0.0
1,55.6,55.801,execution,tracking_view,1:d7bee851:400006,400006,0.0,0.2010000000000005,0.2010000000000005,0.2406236366709659,0.0
1,55.801,56.0,execution,tracking_view,1:d7bee851:400006,400006,0.0,0.19899999999999807,0.19899999999999807,0.2924333820885812,0.0
0,55.800000000000004,56.0,execution,tracking_view,0:340a00e9:400007,400007,0.0,0.19999999999999574,0.19999999999999574,0.5730895195909257,0.0
0,56.0,56.2,execution,tracking_view,0:340a00e9:400007,400007,0.0,0.20000000000000284,0.20000000000000284,0.5808694179291949,0.20000000000000284
1,56.0,56.201,execution,tracking_view,1:d7bee851:400006,400006,0.0,0.2010000000000005,0.2010000000000005,0.3363837632639309,0.0
0,56.2,56.400000000000006,execution,tracking_view,0:340a00e9:400007,400007,0.0,0.20000000000000284,0.20000000000000284,0.5869494599113388,0.20000000000000284
1,56.201,56.400000000000006,execution,tracking_view,1:d7bee851:400006,400006,0.0,0.19900000000000517,0.19900000000000517,0.37486156401515597,0.0
0,56.400000000000006,56.6,execution,tracking_view,0:340a00e9:400007,400007,0.0,0.19999999999999574,0.19999999999999574,0.5783913326003426,0.19999999999999574
1,56.400000000000006,56.601000000000006,execution,tracking_view,1:d7bee851:400006,400006,0.0,0.2010000000000005,0.2010000000000005,0.39448142096279437,0.0
0,56.6,56.80200000000001,execution,tracking_view,0:340a00e9:400007,400007,0.0,0.2020000000000053,0.2020000000000053,0.5803333407140462,0.2020000000000053
1,56.601000000000006,56.800000000000004,execution,tracking_view,1:d7bee851:400006,400006,0.0,0.19899999999999807,0.19899999999999807,0.4308585175219331,0.0
0,56.80200000000001,57.0,execution,tracking_view,0:340a00e9:400007,400007,0.0,0.1979999999999933,0.1979999999999933,0.5771528228357055,0.1979999999999933
1,56.800000000000004,57.0,execution,tracking_view,1:d7bee851:400006,400006,0.0,0.19999999999999574,0.19999999999999574,0.478014147125793,0.0
0,57.0,57.2,execution,tracking_view,0:340a00e9:400007,400007,0.0,0.20000000000000284,0.20000000000000284,0.5690750938110467,0.20000000000000284
1,57.0,57.2,execution,tracking_view,1:d7bee851:400006,400006,0.0,0.20000000000000284,0.20000000000000284,0.5173945201069585,0.0
1,57.2,57.400000000000006,execution,tracking_view,1:d7bee851:400006,400006,0.0,0.20000000000000284,0.20000000000000284,0.5545657585327115,0.0
0,57.2,57.400000000000006,execution,tracking_view,0:340a00e9:400007,400007,0.0,0.20000000000000284,0.20000000000000284,0.5515452639486095,0.009000000000000341
0,57.400000000000006,57.6,execution,tracking_view,0:340a00e9:400007,400007,0.0,0.19999999999999574,0.19999999999999574,0.5214096921491413,0.0
1,57.400000000000006,57.6,execution,tracking_view,1:d7bee851:400006,400006,0.0,0.19999999999999574,0.19999999999999574,0.58334024244318,0.0
0,57.6,57.800000000000004,execution,tracking_view,0:340a00e9:400007,400007,0.0,0.20000000000000284,0.20000000000000284,0.4843517991723493,0.0
1,57.6,57.800000000000004,execution,tracking_view,1:d7bee851:400006,400006,0.0,0.20000000000000284,0.20000000000000284,0.6033732317838792,0.0
0,57.800000000000004,58.00000000000001,execution,tracking_view,0:340a00e9:400007,400007,0.0,0.20000000000000284,0.20000000000000284,0.43410168265235255,0.0
1,57.800000000000004,58.00000000000001,execution,tracking_view,1:d7bee851:400006,400006,0.0,0.20000000000000284,0.20000000000000284,0.6039368500277715,0.0
0,58.00000000000001,58.2,execution,tracking_view,0:340a00e9:400007,400007,0.0,0.19999999999999574,0.19999999999999574,0.3873440458787395,0.0
1,58.00000000000001,58.2,execution,tracking_view,1:d7bee851:400006,400006,0.0,0.19999999999999574,0.19999999999999574,0.5992090003831647,0.0
0,58.2,58.400000000000006,execution,tracking_view,0:340a00e9:400007,400007,0.0,0.20000000000000284,0.20000000000000284,0.3373998661977263,0.0
1,58.2,58.401,execution,tracking_view,1:d7bee851:400006,400006,0.0,0.2010000000000005,0.2010000000000005,0.5924217158356168,0.0
0,58.400000000000006,58.6,execution,tracking_view,0:340a00e9:400007,400007,0.0,0.19999999999999574,0.19999999999999574,0.2973436904063087,0.0
1,58.401,58.6,execution,tracking_view,1:d7bee851:400006,400006,0.0,0.19899999999999807,0.19899999999999807,0.582536107226335,0.0
0,58.6,58.800000000000004,execution,tracking_view,0:340a00e9:400007,400007,0.0,0.20000000000000284,0.20000000000000284,0.2615100042747031,0.0
1,58.6,58.800000000000004,execution,tracking_view,1:d7bee851:400006,400006,0.0,0.20000000000000284,0.20000000000000284,0.5822233284892933,0.0
1,58.800000000000004,59.00000000000001,execution,tracking_view,1:d7bee851:400006,400006,0.0,0.20000000000000284,0.20000000000000284,0.5664670316231235,0.0
0,58.800000000000004,59.00000000000001,execution,tracking_view,0:340a00e9:400007,400007,0.0,0.20000000000000284,0.20000000000000284,0.22122814176100283,0.0
1,59.00000000000001,59.2,execution,tracking_view,1:d7bee851:400006,400006,0.0,0.19999999999999574,0.19999999999999574,0.5341780837555942,0.19999999999999574
0,59.00000000000001,59.2,execution,tracking_view,0:340a00e9:400007,400007,0.0,0.19999999999999574,0.19999999999999574,0.17243610442564178,0.0
1,59.2,59.400000000000006,execution,tracking_view,1:d7bee851:400006,400006,0.0,0.20000000000000284,0.20000000000000284,0.502161632935593,0.20000000000000284
0,59.2,59.400000000000006,execution,tracking_view,0:340a00e9:400007,400007,0.034000000000006025,0.16599999999999682,0.20000000000000284,0.12148370528164319,0.0
0,59.400000000000006,59.6,execution,tracking_view,0:340a00e9:400007,400007,0.1939999999999955,0.006000000000000227,0.19999999999999574,0.0790010365881185,0.0
1,59.400000000000006,59.603,execution,tracking_view,1:d7bee851:400006,400006,0.0,0.20299999999999585,0.20299999999999585,0.47806594282584886,0.20299999999999585
1,59.603,59.800000000000004,execution,tracking_view,1:d7bee851:400006,400006,0.0,0.19700000000000273,0.19700000000000273,0.4446889573875949,0.19700000000000273
0,59.6,59.80200000000001,execution,tracking_view,0:340a00e9:400008,400008,0.2020000000000053,0.0,0.2020000000000053,0.053371052156300496,0.0
1,59.800000000000004,60.00000000000001,execution,tracking_view,1:d7bee851:400006,400006,0.0,0.20000000000000284,0.20000000000000284,0.4087283153064438,0.20000000000000284
0,59.80200000000001,60.00000000000001,execution,tracking_view,0:340a00e9:400008,400008,0.1319999999999908,0.0660000000000096,0.1980000000000004,0.08751258450321388,0.0
1,60.00000000000001,60.2,execution,tracking_view,1:d7bee851:400006,400006,0.0,0.19999999999999574,0.19999999999999574,0.3806704460649448,0.19999999999999574
0,60.00000000000001,60.2,execution,tracking_view,0:340a00e9:400008,400008,0.015999999999998238,0.1839999999999975,0.19999999999999574,0.17210693600008325,0.19999999999999574
1,60.2,60.400000000000006,execution,tracking_view,1:d7bee851:400006,400006,0.0,0.20000000000000284,0.20000000000000284,0.3391641783760258,0.20000000000000284
0,60.2,60.400000000000006,execution,tracking_view,0:340a00e9:400008,400008,0.0,0.20000000000000284,0.20000000000000284,0.2677078186437065,0.20000000000000284
0,60.400000000000006,60.601000000000006,execution,tracking_view,0:340a00e9:400008,400008,0.0,0.2010000000000005,0.2010000000000005,0.3441474438177229,0.2010000000000005
1,60.400000000000006,60.602000000000004,execution,tracking_view,1:d7bee851:400006,400006,0.0,0.20199999999999818,0.20199999999999818,0.2948479742206445,0.036000000000001364
0,60.601000000000006,60.800000000000004,execution,tracking_view,0:340a00e9:400008,400008,0.0,0.19899999999999807,0.19899999999999807,0.4016567521446549,0.19899999999999807
1,60.602000000000004,60.800000000000004,execution,tracking_view,1:d7bee851:400006,400006,0.0,0.1980000000000004,0.1980000000000004,0.2406503154986097,0.0
0,60.800000000000004,61.00000000000001,execution,tracking_view,0:340a00e9:400008,400008,0.0,0.20000000000000284,0.20000000000000284,0.419896032444479,0.20000000000000284
1,60.800000000000004,61.00000000000001,execution,tracking_view,1:d7bee851:400006,400006,0.0,0.20000000000000284,0.20000000000000284,0.18969370727059143,0.0
0,61.00000000000001,61.2,execution,tracking_view,0:340a00e9:400008,400008,0.0,0.19999999999999574,0.19999999999999574,0.40049790045620925,0.19999999999999574
1,61.00000000000001,61.2,execution,tracking_view,1:d7bee851:400006,400006,0.0,0.19999999999999574,0.19999999999999574,0.1518236776513385,0.0
1,61.2,61.401,execution,tracking_view,1:d7bee851:400006,400006,0.054999999999999716,0.1460000000000008,0.2010000000000005,0.1118844780789196,0.0
0,61.2,61.400000000000006,execution,tracking_view,0:340a00e9:400008,400008,0.0,0.20000000000000284,0.20000000000000284,0.3542511373101799,0.20000000000000284
0,61.400000000000006,61.6,execution,tracking_view,0:340a00e9:400008,400008,0.0,0.19999999999999574,0.19999999999999574,0.27189309401659734,0.19999999999999574
1,61.401,61.6,execution,tracking_view,1:d7bee851:400006,400006,0.18599999999999284,0.01300000000000523,0.19899999999999807,0.07361942901605266,0.0
1,61.6,61.800000000000004,execution,tracking_view,1:d7bee851:400006,400006,0.20000000000000284,0.0,0.20000000000000284,0.04379295280246623,0.0
0,61.6,61.800000000000004,execution,tracking_view,0:340a00e9:400008,400008,0.0,0.20000000000000284,0.20000000000000284,0.17916171715730098,0.07700000000000529
0,61.800000000000004,62.00000000000001,execution,tracking_view,0:340a00e9:400008,400008,0.1430000000000078,0.056999999999995055,0.20000000000000284,0.09149826026497093,0.0
1,61.800000000000004,62.00000000000001,execution,tracking_view,1:d7bee851:400006,400006,0.20000000000000284,0.0,0.20000000000000284,0.02009176104628104,0.0
1,62.00000000000001,62.2,execution,tracking_view,1:d7bee851:400006,400006,0.19999999999999574,0.0,0.19999999999999574,0.01036805319980584,0.0
0,62.00000000000001,62.2,execution,tracking_view,0:340a00e9:400008,400008,0.19999999999999574,0.0,0.19999999999999574,0.022011281910717537,0.0
0,62.2,62.400000000000006,execution,tracking_view,0:340a00e9:400008,400008,0.20000000000000284,0.0,0.20000000000000284,0.018719057816037964,0.0
1,62.2,62.400000000000006,execution,tracking_view,1:d7bee851:400006,400006,0.20000000000000284,0.0,0.20000000000000284,0.007378034816348401,0.0
0,62.400000000000006,62.6,observation_dwell,observation_dwell,0:340a00e9:400008,400008,0.19999999999999574,0.0,0.19999999999999574,0.018434055203447278,0.0
1,62.400000000000006,62.6,observation_dwell,observation_dwell,1:d7bee851:400006,400006,0.19999999999999574,0.0,0.19999999999999574,0.01044967266342317,0.0
1,62.6,62.800000000000004,observation_dwell,observation_dwell,1:d7bee851:400006,400006,0.20000000000000284,0.0,0.20000000000000284,0.005996996017820958,0.0
0,62.6,62.800000000000004,observation_dwell,observation_dwell,0:340a00e9:400008,400008,0.20000000000000284,0.0,0.20000000000000284,0.012755707366294758,0.0
1,62.800000000000004,63.00000000000001,allocation_wait,idle,1:d7bee851:400006,400006,0.20000000000000284,0.0,0.20000000000000284,0.013419895039891029,0.0
0,62.800000000000004,63.00300000000001,allocation_wait,idle,0:340a00e9:400008,400008,0.20300000000000296,0.0,0.20300000000000296,0.006689546903719217,0.0
0,63.00300000000001,63.2,allocation_wait,idle,0:340a00e9:400008,400008,0.19699999999999562,0.0,0.19699999999999562,0.00686403615174577,0.0
1,63.00000000000001,63.2,allocation_wait,idle,1:d7bee851:400006,400006,0.19999999999999574,0.0,0.19999999999999574,0.02109913211570307,0.0
0,63.2,63.400000000000006,allocation_wait,idle,0:340a00e9:400008,400008,0.20000000000000284,0.0,0.20000000000000284,0.011798353383412065,0.0
1,63.2,63.400000000000006,reservation_wait,idle,1:d7bee851:400006,400006,0.20000000000000284,0.0,0.20000000000000284,0.021965559271347898,0.0
0,63.400000000000006,63.6,allocation_wait,idle,0:340a00e9:400008,400008,0.19999999999999574,0.0,0.19999999999999574,0.012292227249439245,0.0
1,63.400000000000006,63.6,reservation_wait,idle,1:d7bee851:400006,400006,0.19999999999999574,0.0,0.19999999999999574,0.015341699495640489,0.0
1,63.6,63.800000000000004,reservation_wait,idle,1:d7bee851:400006,400006,0.20000000000000284,0.0,0.20000000000000284,0.010538625388736388,0.0
0,63.6,63.800000000000004,reservation_wait,idle,0:340a00e9:400008,400008,0.20000000000000284,0.0,0.20000000000000284,0.0073599835850001,0.0
1,63.800000000000004,64.0,reservation_wait,idle,1:d7bee851:400006,400006,0.19999999999999574,0.0,0.19999999999999574,0.007770152817381552,0.0
0,63.800000000000004,64.0,reservation_wait,idle,0:340a00e9:400008,400008,0.19999999999999574,0.0,0.19999999999999574,0.00642586530515038,0.0
0,64.0,64.2,reservation_wait,idle,0:340a00e9:400008,400008,0.20000000000000284,0.0,0.20000000000000284,0.008487284612300609,0.0
1,64.0,64.2,reservation_wait,idle,1:d7bee851:400006,400006,0.20000000000000284,0.0,0.20000000000000284,0.005716453781413245,0.19899999999999807
0,64.2,64.4,reservation_wait,idle,0:340a00e9:400008,400008,0.20000000000000284,0.0,0.20000000000000284,0.004313955959324153,0.0
1,64.2,64.4,execution,tracking_view,1:d7bee851:400007,400007,0.20000000000000284,0.0,0.20000000000000284,0.009171186145354972,0.20000000000000284
0,64.4,64.60000000000001,allocation_wait,idle,0:340a00e9:400008,400008,0.20000000000000284,0.0,0.20000000000000284,0.006246964772636274,0.10000000000000853
1,64.4,64.60300000000001,execution,tracking_view,1:d7bee851:400007,400007,0.20300000000000296,0.0,0.20300000000000296,0.026174587481963694,0.20300000000000296
0,64.60000000000001,64.8,execution,tracking_view,0:340a00e9:400009,400009,0.19999999999998863,0.0,0.19999999999998863,0.011668658131952293,0.19999999999998863
1,64.60300000000001,64.8,execution,tracking_view,1:d7bee851:400007,400007,0.19699999999998852,0.0,0.19699999999998852,0.05160908819005089,0.19699999999998852
0,64.8,65.0,execution,tracking_view,0:340a00e9:400009,400009,0.20000000000000284,0.0,0.20000000000000284,0.016482940573047868,0.20000000000000284
1,64.8,65.0,execution,tracking_view,1:d7bee851:400007,400007,0.17900000000000205,0.021000000000000796,0.20000000000000284,0.0785427990149435,0.14400000000000546
0,65.0,65.2,execution,tracking_view,0:340a00e9:400009,400009,0.20000000000000284,0.0,0.20000000000000284,0.01748000475435439,0.20000000000000284
1,65.0,65.2,execution,tracking_view,1:d7bee851:400007,400007,0.047000000000011255,0.1529999999999916,0.20000000000000284,0.11383095806684432,0.0
1,65.2,65.4,execution,tracking_view,1:d7bee851:400007,400007,0.0,0.20000000000000284,0.20000000000000284,0.15656310379902688,0.0
0,65.2,65.4,execution,tracking_view,0:340a00e9:400009,400009,0.20000000000000284,0.0,0.20000000000000284,0.02138922341829051,0.20000000000000284
0,65.4,65.60000000000001,execution,tracking_view,0:340a00e9:400009,400009,0.20000000000000284,0.0,0.20000000000000284,0.035191176962039175,0.20000000000000284
1,65.4,65.601,execution,tracking_view,1:d7bee851:400007,400007,0.0,0.2009999999999934,0.2009999999999934,0.2017295583336321,0.0
0,65.60000000000001,65.8,execution,tracking_view,0:340a00e9:400009,400009,0.19999999999998863,0.0,0.19999999999998863,0.04908408954209553,0.007999999999995566
1,65.601,65.8,execution,tracking_view,1:d7bee851:400007,400007,0.0,0.19899999999999807,0.19899999999999807,0.24510105118294626,0.0
0,65.8,66.0,execution,tracking_view,0:340a00e9:400009,400009,0.20000000000000284,0.0,0.20000000000000284,0.06104265612679805,0.0
1,65.8,66.0,execution,tracking_view,1:d7bee851:400007,400007,0.0,0.20000000000000284,0.20000000000000284,0.2871570614555168,0.0
1,66.0,66.2,execution,tracking_view,1:d7bee851:400007,400007,0.0,0.20000000000000284,0.20000000000000284,0.3306669009684478,0.0
0,66.0,66.2,execution,tracking_view,0:340a00e9:400009,400009,0.19400000000000261,0.006000000000000227,0.20000000000000284,0.07688008530245807,0.0
0,66.2,66.4,execution,tracking_view,0:340a00e9:400009,400009,0.10899999999999466,0.09100000000000819,0.20000000000000284,0.09710844392765973,0.0
1,66.2,66.40100000000001,execution,tracking_view,1:d7bee851:400007,400007,0.0,0.20100000000000762,0.20100000000000762,0.3666179789870468,0.0
0,66.4,66.60000000000001,execution,tracking_view,0:340a00e9:400009,400009,0.028000000000005798,0.17199999999999704,0.20000000000000284,0.11907153985692669,0.0
1,66.40100000000001,66.60000000000001,execution,tracking_view,1:d7bee851:400007,400007,0.0,0.19899999999999807,0.19899999999999807,0.40654885326963264,0.0
1,66.60000000000001,66.8,execution,tracking_view,1:d7bee851:400007,400007,0.0,0.19999999999998863,0.19999999999998863,0.4449402887678768,0.0
0,66.60000000000001,66.8,execution,tracking_view,0:340a00e9:400009,400009,0.0,0.19999999999998863,0.19999999999998863,0.1418659599794206,0.0
1,66.8,67.0,execution,tracking_view,1:d7bee851:400007,400007,0.0,0.20000000000000284,0.20000000000000284,0.4835516018559891,0.0
0,66.8,67.0,execution,tracking_view,0:340a00e9:400009,400009,0.0,0.20000000000000284,0.20000000000000284,0.17058185108287455,0.0
0,67.0,67.202,execution,tracking_view,0:340a00e9:400009,400009,0.0,0.20199999999999818,0.20199999999999818,0.19529046453349871,0.0
1,67.0,67.2,execution,tracking_view,1:d7bee851:400007,400007,0.0,0.20000000000000284,0.20000000000000284,0.5211742407682889,0.0
0,67.202,67.4,execution,tracking_view,0:340a00e9:400009,400009,0.0,0.1980000000000075,0.1980000000000075,0.2203326808929405,0.0
1,67.2,67.4,execution,tracking_view,1:d7bee851:400007,400007,0.0,0.20000000000000284,0.20000000000000284,0.5531854017828886,0.0
0,67.4,67.60000000000001,execution,tracking_view,0:340a00e9:400009,400009,0.0,0.20000000000000284,0.20000000000000284,0.2374550215437183,0.0
1,67.4,67.60000000000001,execution,tracking_view,1:d7bee851:400007,400007,0.0,0.20000000000000284,0.20000000000000284,0.5660293081011476,0.0
1,67.60000000000001,67.8,execution,tracking_view,1:d7bee851:400007,400007,0.0,0.19999999999998863,0.19999999999998863,0.597077822985415,0.0
0,67.60000000000001,67.8,execution,tracking_view,0:340a00e9:400009,400009,0.0,0.19999999999998863,0.19999999999998863,0.2664936758127702,0.0
0,67.8,68.0,execution,tracking_view,0:340a00e9:400009,400009,0.0,0.20000000000000284,0.20000000000000284,0.28693540122290917,0.0
1,67.8,68.0,execution,tracking_view,1:d7bee851:400007,400007,0.0,0.20000000000000284,0.20000000000000284,0.6083610897119541,0.0
0,68.0,68.2,execution,tracking_view,0:340a00e9:400009,400009,0.0,0.20000000000000284,0.20000000000000284,0.309561340705454,0.0
1,68.0,68.2,execution,tracking_view,1:d7bee851:400007,400007,0.0,0.20000000000000284,0.20000000000000284,0.6061796738173021,0.0
0,68.2,68.4,execution,tracking_view,0:340a00e9:400009,400009,0.0,0.20000000000000284,0.20000000000000284,0.32238141009353966,0.0
1,68.2,68.4,execution,tracking_view,1:d7bee851:400007,400007,0.0,0.20000000000000284,0.20000000000000284,0.5852004794203849,0.0
1,68.4,68.60000000000001,execution,tracking_view,1:d7bee851:400007,400007,0.0,0.20000000000000284,0.20000000000000284,0.5771597405705342,0.0
0,68.4,68.60000000000001,execution,tracking_view,0:340a00e9:400009,400009,0.0,0.20000000000000284,0.20000000000000284,0.35290473073687745,0.0
0,68.60000000000001,68.80000000000001,execution,tracking_view,0:340a00e9:400009,400009,0.0,0.20000000000000284,0.20000000000000284,0.38591565907905384,0.0
1,68.60000000000001,68.80000000000001,execution,tracking_view,1:d7bee851:400007,400007,0.0,0.20000000000000284,0.20000000000000284,0.570693393749916,0.0
1,68.80000000000001,69.0,execution,tracking_view,1:d7bee851:400007,400007,0.0,0.19999999999998863,0.19999999999998863,0.5517674514874389,0.0
0,68.80000000000001,69.0,execution,tracking_view,0:340a00e9:400009,400009,0.0,0.19999999999998863,0.19999999999998863,0.4114795561071247,0.0
1,69.0,69.2,execution,tracking_view,1:d7bee851:400007,400007,0.0,0.20000000000000284,0.20000000000000284,0.5152068620054351,0.1979999999999933
0,69.0,69.2,execution,tracking_view,0:340a00e9:400009,400009,0.0,0.20000000000000284,0.20000000000000284,0.4205551897871186,0.0
0,69.2,69.4,execution,tracking_view,0:340a00e9:400009,400009,0.0,0.20000000000000284,0.20000000000000284,0.4377809814324773,0.0
1,69.2,69.4,execution,tracking_view,1:d7bee851:400007,400007,0.0,0.20000000000000284,0.20000000000000284,0.4867418966991002,0.20000000000000284
0,69.4,69.601,execution,tracking_view,0:340a00e9:400009,400009,0.0,0.2009999999999934,0.2009999999999934,0.44807287010034136,0.10099999999999909
1,69.4,69.60000000000001,execution,tracking_view,1:d7bee851:400007,400007,0.0,0.20000000000000284,0.20000000000000284,0.44888126848703835,0.20000000000000284
0,69.601,69.80000000000001,execution,tracking_view,0:340a00e9:400009,400009,0.0,0.19900000000001228,0.19900000000001228,0.46189390787294604,0.19900000000001228
1,69.60000000000001,69.802,execution,tracking_view,1:d7bee851:400007,400007,0.0,0.20199999999999818,0.20199999999999818,0.41901726100808334,0.20199999999999818
0,69.80000000000001,70.0,execution,tracking_view,0:340a00e9:400009,400009,0.0,0.19999999999998863,0.19999999999998863,0.48267559586314146,0.19999999999998863
1,69.802,70.0,execution,tracking_view,1:d7bee851:400007,400007,0.0,0.1979999999999933,0.1979999999999933,0.3959657143835872,0.17099999999999227
0,70.0,70.2,execution,tracking_view,0:340a00e9:400009,400009,0.0,0.20000000000000284,0.20000000000000284,0.5042441406522723,0.20000000000000284
1,70.0,70.20100000000001,execution,tracking_view,1:d7bee851:400007,400007,0.0,0.20100000000000762,0.20100000000000762,0.3595326792391366,0.0
0,70.2,70.4,execution,tracking_view,0:340a00e9:400009,400009,0.0,0.20000000000000284,0.20000000000000284,0.5260596571959594,0.20000000000000284
1,70.20100000000001,70.4,execution,tracking_view,1:d7bee851:400007,400007,0.0,0.19899999999999807,0.19899999999999807,0.3157715356942183,0.0
0,70.4,70.601,execution,tracking_view,0:340a00e9:400009,400009,0.0,0.2009999999999934,0.2009999999999934,0.549527118447869,0.2009999999999934
1,70.4,70.60000000000001,execution,tracking_view,1:d7bee851:400007,400007,0.0,0.20000000000000284,0.20000000000000284,0.2791256141188049,0.0
0,70.601,70.80000000000001,execution,tracking_view,0:340a00e9:400009,400009,0.0,0.19900000000001228,0.19900000000001228,0.5749643571795667,0.19900000000001228
1,70.60000000000001,70.80000000000001,execution,tracking_view,1:d7bee851:400007,400007,0.0,0.20000000000000284,0.20000000000000284,0.23198307815286523,0.0
1,70.80000000000001,71.0,execution,tracking_view,1:d7bee851:400007,400007,0.0,0.19999999999998863,0.19999999999998863,0.1816913755791754,0.0
0,70.80000000000001,71.001,execution,tracking_view,0:340a00e9:400009,400009,0.0,0.2009999999999934,0.2009999999999934,0.5741594993399701,0.2009999999999934
0,71.001,71.2,execution,tracking_view,0:340a00e9:400009,400009,0.0,0.19899999999999807,0.19899999999999807,0.570741195379823,0.19899999999999807
1,71.0,71.2,execution,tracking_view,1:d7bee851:400007,400007,0.016000000000005343,0.1839999999999975,0.20000000000000284,0.1419300867812304,0.0
1,71.2,71.4,execution,tracking_view,1:d7bee851:400007,400007,0.1290000000000049,0.07099999999999795,0.20000000000000284,0.09668085118442737,0.0
0,71.2,71.4,execution,tracking_view,0:340a00e9:400009,400009,0.0,0.20000000000000284,0.20000000000000284,0.5670649608768765,0.031999999999996476
1,71.4,71.60000000000001,execution,tracking_view,1:d7bee851:400007,400007,0.18599999999999284,0.014000000000010004,0.20000000000000284,0.0679826803700136,0.0
0,71.4,71.60000000000001,execution,tracking_view,0:340a00e9:400009,400009,0.0,0.20000000000000284,0.20000000000000284,0.5731455478181472,0.0
0,71.60000000000001,71.80000000000001,execution,tracking_view,0:340a00e9:400009,400009,0.0,0.20000000000000284,0.20000000000000284,0.5800520535021378,0.0
1,71.60000000000001,71.80000000000001,execution,tracking_view,1:d7bee851:400007,400007,0.19700000000000273,0.0030000000000001137,0.20000000000000284,0.042268085017365085,0.0
0,71.80000000000001,72.0,execution,tracking_view,0:340a00e9:400009,400009,0.0,0.19999999999998863,0.19999999999998863,0.5939334372440978,0.0
1,71.80000000000001,72.0,execution,tracking_view,1:d7bee851:400007,400007,0.19999999999998863,0.0,0.19999999999998863,0.026848719947561613,0.0
0,72.0,72.2,execution,tracking_view,0:340a00e9:400009,400009,0.0,0.20000000000000284,0.20000000000000284,0.5923554718416157,0.0
1,72.0,72.2,execution,tracking_view,1:d7bee851:400007,400007,0.20000000000000284,0.0,0.20000000000000284,0.013194336604001133,0.0
0,72.2,72.4,execution,tracking_view,0:340a00e9:400009,400009,0.0,0.20000000000000284,0.20000000000000284,0.5946827978440846,0.0
1,72.2,72.4,execution,tracking_view,1:d7bee851:400007,400007,0.20000000000000284,0.0,0.20000000000000284,0.006358013867048746,0.0
0,72.4,72.60000000000001,execution,tracking_view,0:340a00e9:400009,400009,0.0,0.20000000000000284,0.20000000000000284,0.595592715531694,0.10000000000000853
1,72.4,72.60000000000001,observation_dwell,observation_dwell,1:d7bee851:400007,400007,0.20000000000000284,0.0,0.20000000000000284,0.004196539964433389,0.0
1,72.60000000000001,72.80000000000001,observation_dwell,observation_dwell,1:d7bee851:400007,400007,0.20000000000000284,0.0,0.20000000000000284,0.013159874235972265,0.0
0,72.60000000000001,72.801,execution,tracking_view,0:340a00e9:400009,400009,0.0,0.2009999999999934,0.2009999999999934,0.6009420126085542,0.2009999999999934
0,72.801,73.001,execution,tracking_view,0:340a00e9:400009,400009,0.0,0.20000000000000284,0.20000000000000284,0.6013623945666869,0.20000000000000284
1,72.80000000000001,73.001,allocation_wait,idle,1:d7bee851:400007,400007,0.2009999999999934,0.0,0.2009999999999934,0.01696443867266471,0.0
0,73.001,73.2,execution,tracking_view,0:340a00e9:400009,400009,0.0,0.19899999999999807,0.19899999999999807,0.5814499500307032,0.19899999999999807
1,73.001,73.2,allocation_wait,idle,1:d7bee851:400007,400007,0.19899999999999807,0.0,0.19899999999999807,0.023260865394836676,0.0
0,73.2,73.4,execution,tracking_view,0:340a00e9:400009,400009,0.0,0.20000000000000284,0.20000000000000284,0.5599700258199829,0.20000000000000284
1,73.2,73.4,allocation_wait,idle,1:d7bee851:400007,400007,0.20000000000000284,0.0,0.20000000000000284,0.02521213882164627,0.0
0,73.4,73.60000000000001,execution,tracking_view,0:340a00e9:400009,400009,0.0,0.20000000000000284,0.20000000000000284,0.5596265095117656,0.20000000000000284
1,73.4,73.60000000000001,allocation_wait,idle,1:d7bee851:400007,400007,0.20000000000000284,0.0,0.20000000000000284,0.020035703184173054,0.0
1,73.60000000000001,73.80000000000001,allocation_wait,idle,1:d7bee851:400007,400007,0.20000000000000284,0.0,0.20000000000000284,0.011244310320857204,0.0
0,73.60000000000001,73.801,execution,tracking_view,0:340a00e9:400009,400009,0.0,0.2009999999999934,0.2009999999999934,0.537428345210978,0.2009999999999934
1,73.80000000000001,74.0,allocation_wait,idle,1:d7bee851:400007,400007,0.19999999999998863,0.0,0.19999999999998863,0.005233954242147336,0.0
0,73.801,74.0,execution,tracking_view,0:340a00e9:400009,400009,0.0,0.19899999999999807,0.19899999999999807,0.5201507985522389,0.10900000000000887
0,74.0,74.2,execution,tracking_view,0:340a00e9:400009,400009,0.0,0.20000000000000284,0.20000000000000284,0.5024415253914086,0.0
1,74.0,74.20100000000001,allocation_wait,idle,1:d7bee851:400007,400007,0.20100000000000762,0.0,0.20100000000000762,0.002091337358416999,0.0
0,74.2,74.4,execution,tracking_view,0:340a00e9:400009,400009,0.0,0.20000000000000284,0.20000000000000284,0.48980402999472095,0.0
1,74.20100000000001,74.40100000000001,allocation_wait,idle,1:d7bee851:400007,400007,0.20000000000000284,0.0,0.20000000000000284,0.0029000548951308397,0.0
1,74.40100000000001,74.60000000000001,allocation_wait,idle,1:d7bee851:400007,400007,0.19899999999999807,0.0,0.19899999999999807,0.011690263074087789,0.10000000000000853
0,74.4,74.60000000000001,execution,tracking_view,0:340a00e9:400009,400009,0.0,0.20000000000000284,0.20000000000000284,0.4781741088647981,0.0
0,74.60000000000001,74.80000000000001,execution,tracking_view,0:340a00e9:400009,400009,0.0,0.20000000000000284,0.20000000000000284,0.46629981874116333,0.0
1,74.60000000000001,74.80000000000001,allocation_wait,idle,1:d7bee851:400007,400007,0.20000000000000284,0.0,0.20000000000000284,0.015169051898416152,0.20000000000000284
0,74.80000000000001,75.00200000000001,execution,tracking_view,0:340a00e9:400009,400009,0.0,0.20199999999999818,0.20199999999999818,0.45173105342935643,0.0
1,74.80000000000001,75.001,planning_wait,idle,1:d7bee851:400007,400007,0.2009999999999934,0.0,0.2009999999999934,0.01699455746537431,0.2009999999999934
0,75.00200000000001,75.20100000000001,execution,tracking_view,0:340a00e9:400009,400009,0.0,0.19899999999999807,0.19899999999999807,0.4208590881426268,0.0
1,75.001,75.20100000000001,planning_wait,idle,1:d7bee851:400007,400007,0.20000000000000284,0.0,0.20000000000000284,0.014731101374991201,0.20000000000000284
0,75.20100000000001,75.4,execution,tracking_view,0:340a00e9:400009,400009,0.0,0.19899999999999807,0.19899999999999807,0.41324709195078074,0.0
1,75.20100000000001,75.4,planning_wait,idle,1:d7bee851:400007,400007,0.19899999999999807,0.0,0.19899999999999807,0.011925991959326742,0.19899999999999807
0,75.4,75.60000000000001,execution,tracking_view,0:340a00e9:400009,400009,0.0,0.20000000000000284,0.20000000000000284,0.3852437703584468,0.0
1,75.4,75.60000000000001,planning_wait,idle,1:d7bee851:400007,400007,0.20000000000000284,0.0,0.20000000000000284,0.010751794583019537,0.09999999999999432
1,75.60000000000001,75.80000000000001,reservation_wait,idle,1:d7bee851:400007,400007,0.20000000000000284,0.0,0.20000000000000284,0.007813473534909288,0.0
0,75.60000000000001,75.80000000000001,execution,tracking_view,0:340a00e9:400009,400009,0.0,0.20000000000000284,0.20000000000000284,0.37186009947151943,0.0
0,75.80000000000001,76.0,execution,tracking_view,0:340a00e9:400009,400009,0.0,0.19999999999998863,0.19999999999998863,0.35482651280111965,0.0
1,75.80000000000001,76.0,reservation_wait,idle,1:d7bee851:400007,400007,0.19999999999998863,0.0,0.19999999999998863,0.005317706651571214,0.0
0,76.0,76.2,execution,tracking_view,0:340a00e9:400009,400009,0.0,0.20000000000000284,0.20000000000000284,0.3252088296887992,0.0
1,76.0,76.2,reservation_wait,idle,1:d7bee851:400007,400007,0.20000000000000284,0.0,0.20000000000000284,0.0037323299453141875,0.0
0,76.2,76.4,execution,tracking_view,0:340a00e9:400010,400010,0.0,0.20000000000000284,0.20000000000000284,0.2907217124954735,0.0
1,76.2,76.4,reservation_wait,idle,1:d7bee851:400007,400007,0.20000000000000284,0.0,0.20000000000000284,0.013498328446633864,0.0
0,76.4,76.60000000000001,execution,tracking_view,0:340a00e9:400010,400010,0.0,0.20000000000000284,0.20000000000000284,0.2430819627875399,0.10000000000000853
1,76.4,76.601,allocation_wait,idle,1:d7bee851:400007,400007,0.2009999999999934,0.0,0.2009999999999934,0.01465314771754626,0.10099999999999909
1,76.601,76.80000000000001,execution,tracking_view,1:d7bee851:400008,400008,0.19900000000001228,0.0,0.19900000000001228,0.048975561616182786,0.19900000000001228
0,76.60000000000001,76.80000000000001,execution,tracking_view,0:340a00e9:400010,400010,0.0,0.20000000000000284,0.20000000000000284,0.196108837471433,0.20000000000000284
0,76.80000000000001,77.0,execution,tracking_view,0:340a00e9:400010,400010,0.0,0.19999999999998863,0.19999999999998863,0.2450252025787761,0.19999999999998863
1,76.80000000000001,77.001,execution,tracking_view,1:d7bee851:400008,400008,0.036000000000001364,0.16499999999999204,0.2009999999999934,0.12553265524575621,0.2009999999999934
0,77.0,77.2,execution,tracking_view,0:340a00e9:400010,400010,0.0,0.20000000000000284,0.20000000000000284,0.35867001824851963,0.20000000000000284
1,77.001,77.2,execution,tracking_view,1:d7bee851:400008,400008,0.0,0.19899999999999807,0.19899999999999807,0.2303098337417935,0.19899999999999807
1,77.2,77.4,execution,tracking_view,1:d7bee851:400008,400008,0.0,0.20000000000000284,0.20000000000000284,0.3402976886949725,0.20000000000000284
0,77.2,77.4,execution,tracking_view,0:340a00e9:400010,400010,0.0,0.20000000000000284,0.20000000000000284,0.4743878053600809,0.20000000000000284
1,77.4,77.60000000000001,execution,tracking_view,1:d7bee851:400008,400008,0.0,0.20000000000000284,0.20000000000000284,0.4349285764753402,0.20000000000000284
0,77.4,77.60000000000001,execution,tracking_view,0:340a00e9:400010,400010,0.0,0.20000000000000284,0.20000000000000284,0.5589413834521634,0.20000000000000284
0,77.60000000000001,77.80000000000001,execution,tracking_view,0:340a00e9:400010,400010,0.0,0.20000000000000284,0.20000000000000284,0.594373669059481,0.20000000000000284
1,77.60000000000001,77.801,execution,tracking_view,1:d7bee851:400008,400008,0.0,0.2009999999999934,0.2009999999999934,0.4784168798865883,0.2009999999999934
0,77.80000000000001,78.0,execution,tracking_view,0:340a00e9:400010,400010,0.0,0.19999999999998863,0.19999999999998863,0.5968231088001001,0.19999999999998863
1,77.801,78.0,execution,tracking_view,1:d7bee851:400008,400008,0.0,0.19899999999999807,0.19899999999999807,0.4886136337666589,0.18099999999999739
0,78.0,78.2,execution,tracking_view,0:340a00e9:400010,400010,0.0,0.20000000000000284,0.20000000000000284,0.5386838572276101,0.20000000000000284
1,78.0,78.2,execution,tracking_view,1:d7bee851:400008,400008,0.0,0.20000000000000284,0.20000000000000284,0.44722922882206123,0.0
0,78.2,78.4,execution,tracking_view,0:340a00e9:400010,400010,0.0,0.20000000000000284,0.20000000000000284,0.45573135990036906,0.20000000000000284
1,78.2,78.402,execution,tracking_view,1:d7bee851:400008,400008,0.0,0.20199999999999818,0.20199999999999818,0.37299183084078696,0.0
0,78.4,78.60000000000001,execution,tracking_view,0:340a00e9:400010,400010,0.0,0.20000000000000284,0.20000000000000284,0.32161258698670625,0.07099999999999795
1,78.402,78.60000000000001,execution,tracking_view,1:d7bee851:400008,400008,0.0,0.1980000000000075,0.1980000000000075,0.2628002327313444,0.0
0,78.60000000000001,78.802,execution,tracking_view,0:340a00e9:400010,400010,0.0,0.20199999999999818,0.20199999999999818,0.19158238597539493,0.0
1,78.60000000000001,78.802,execution,tracking_view,1:d7bee851:400008,400008,0.010000000000005116,0.19199999999999307,0.20199999999999818,0.1539167529868129,0.0
0,78.802,79.0,execution,tracking_view,0:340a00e9:400010,400010,0.17200000000001125,0.025999999999982037,0.1979999999999933,0.06964937879269696,0.0
1,78.802,79.0,execution,tracking_view,1:d7bee851:400008,400008,0.1910000000000025,0.006999999999990791,0.1979999999999933,0.04695989667874313,0.0
0,79.0,79.2,execution,tracking_view,0:340a00e9:400010,400010,0.20000000000000284,0.0,0.20000000000000284,0.05392918461077556,0.0
1,79.0,79.2,execution,tracking_view,1:d7bee851:400008,400008,0.20000000000000284,0.0,0.20000000000000284,0.04081423438602969,0.0
0,79.2,79.4,execution,tracking_view,0:340a00e9:400010,400010,0.08199999999999363,0.11800000000000921,0.20000000000000284,0.10367848464032096,0.0
1,79.2,79.4,observation_dwell,observation_dwell,1:d7bee851:400008,400008,0.19599999999999795,0.0040000000000048885,0.20000000000000284,0.06254545676351489,0.0
0,79.4,79.60000000000001,observation_dwell,observation_dwell,0:340a00e9:400010,400010,0.12100000000000932,0.07899999999999352,0.20000000000000284,0.09668304388635628,0.0
1,79.4,79.60000000000001,observation_dwell,observation_dwell,1:d7bee851:400008,400008,0.20000000000000284,0.0,0.20000000000000284,0.047906065475293434,0.0
0,79.60000000000001,79.80000000000001,allocation_wait,idle,0:340a00e9:400010,400010,0.20000000000000284,0.0,0.20000000000000284,0.05281698996175242,0.0
1,79.60000000000001,79.80000000000001,allocation_wait,idle,1:d7bee851:400008,400008,0.20000000000000284,0.0,0.20000000000000284,0.021355623294511607,0.0
0,79.80000000000001,80.0,allocation_wait,idle,0:340a00e9:400010,400010,0.19999999999998863,0.0,0.19999999999998863,0.012928141169198866,0.0
1,79.80000000000001,80.0,allocation_wait,idle,1:d7bee851:400008,400008,0.19999999999998863,0.0,0.19999999999998863,0.006444096052864275,0.0
0,80.0,80.2,allocation_wait,idle,0:340a00e9:400010,400010,0.20000000000000284,0.0,0.20000000000000284,0.010649293212789575,0.0
1,80.0,80.2,allocation_wait,idle,1:d7bee851:400008,400008,0.20000000000000284,0.0,0.20000000000000284,0.007525236532591622,0.20000000000000284
0,80.2,80.4,allocation_wait,idle,0:340a00e9:400010,400010,0.20000000000000284,0.0,0.20000000000000284,0.020234741507266462,0.0
1,80.2,80.402,allocation_wait,idle,1:d7bee851:400008,400008,0.20199999999999818,0.0,0.20199999999999818,0.012709224235517038,0.20199999999999818
0,80.4,80.60000000000001,reservation_wait,idle,0:340a00e9:400010,400010,0.19900000000001228,0.000999999999990564,0.20000000000000284,0.02420533510357044,0.0
1,80.402,80.60000000000001,planning_wait,idle,1:d7bee851:400008,400008,0.1980000000000075,0.0,0.1980000000000075,0.013300571078391995,0.1980000000000075
1,80.60000000000001,80.80000000000001,planning_wait,idle,1:d7bee851:400008,400008,0.20000000000000284,0.0,0.20000000000000284,0.009977603056508447,0.20000000000000284
0,80.60000000000001,80.801,reservation_wait,idle,0:340a00e9:400010,400010,0.2009999999999934,0.0,0.2009999999999934,0.025944869303521655,0.0
0,80.801,81.0,reservation_wait,idle,0:340a00e9:400010,400010,0.19899999999999807,0.0,0.19899999999999807,0.027692317060489375,0.0
1,80.80000000000001,81.0,planning_wait,idle,1:d7bee851:400008,400008,0.19999999999998863,0.0,0.19999999999998863,0.008126844757960308,0.19999999999998863
0,81.0,81.2,reservation_wait,idle,0:340a00e9:400010,400010,0.1979999999999933,0.0020000000000095497,0.20000000000000284,0.021996160531675663,0.0
1,81.0,81.2,planning_wait,idle,1:d7bee851:400008,400008,0.20000000000000284,0.0,0.20000000000000284,0.012185356448353,0.20000000000000284
0,81.2,81.4,allocation_wait,idle,0:340a00e9:400010,400010,0.20000000000000284,0.0,0.20000000000000284,0.016437974729116556,0.0
1,81.2,81.4,allocation_wait,idle,1:d7bee851:400008,400008,0.20000000000000284,0.0,0.20000000000000284,0.013444245599801912,0.045000000000001705
0,81.4,81.60000000000001,execution,tracking_view,0:340a00e9:400011,400011,0.20000000000000284,0.0,0.20000000000000284,0.011469966929565175,0.10000000000000853
1,81.4,81.60000000000001,allocation_wait,idle,1:d7bee851:400008,400008,0.20000000000000284,0.0,0.20000000000000284,0.01176567654781734,0.0
0,81.60000000000001,81.80000000000001,execution,tracking_view,0:340a00e9:400011,400011,0.20000000000000284,0.0,0.20000000000000284,0.010617635703888826,0.20000000000000284
1,81.60000000000001,81.801,allocation_wait,idle,1:d7bee851:400008,400008,0.2009999999999934,0.0,0.2009999999999934,0.006168542038732594,0.0
1,81.801,82.0,allocation_wait,idle,1:d7bee851:400008,400008,0.19899999999999807,0.0,0.19899999999999807,0.0035650105795700855,0.0
0,81.80000000000001,82.0,execution,tracking_view,0:340a00e9:400011,400011,0.19999999999998863,0.0,0.19999999999998863,0.046068696644596216,0.19999999999998863
0,82.0,82.2,execution,tracking_view,0:340a00e9:400011,400011,0.1110000000000042,0.08899999999999864,0.20000000000000284,0.09958316176785682,0.20000000000000284
1,82.0,82.20100000000001,allocation_wait,idle,1:d7bee851:400008,400008,0.20100000000000762,0.0,0.20100000000000762,0.006574360797053103,0.0
1,82.20100000000001,82.4,allocation_wait,idle,1:d7bee851:400008,400008,0.19899999999999807,0.0,0.19899999999999807,0.006106314030034654,0.0
0,82.2,82.40100000000001,execution,tracking_view,0:340a00e9:400011,400011,0.014000000000010004,0.1869999999999976,0.20100000000000762,0.15694497877049823,0.20100000000000762
0,82.40100000000001,82.60000000000001,execution,tracking_view,0:340a00e9:400011,400011,0.0,0.19899999999999807,0.19899999999999807,0.22258642696795577,0.19899999999999807
1,82.4,82.601,reservation_wait,idle,1:d7bee851:400008,400008,0.2009999999999934,0.0,0.2009999999999934,0.006081906073450941,0.0
1,82.601,82.80000000000001,reservation_wait,idle,1:d7bee851:400008,400008,0.19900000000001228,0.0,0.19900000000001228,0.00476046796150854,0.0
0,82.60000000000001,82.80000000000001,execution,tracking_view,0:340a00e9:400011,400011,0.0,0.20000000000000284,0.20000000000000284,0.2824170108680702,0.20000000000000284
0,82.80000000000001,83.0,execution,tracking_view,0:340a00e9:400011,400011,0.0,0.19999999999998863,0.19999999999998863,0.3431971516843666,0.17399999999999238
1,82.80000000000001,83.001,reservation_wait,idle,1:d7bee851:400008,400008,0.2009999999999934,0.0,0.2009999999999934,0.0034472778902815784,0.0
1,83.001,83.2,reservation_wait,idle,1:d7bee851:400008,400008,0.19899999999999807,0.0,0.19899999999999807,0.007014945796850817,0.0
0,83.0,83.2,execution,tracking_view,0:340a00e9:400011,400011,0.0,0.20000000000000284,0.20000000000000284,0.39442367018900576,0.0
0,83.2,83.4,execution,tracking_view,0:340a00e9:400011,400011,0.0,0.20000000000000284,0.20000000000000284,0.4342535185304067,0.0
1,83.2,83.4,allocation_wait,idle,1:d7bee851:400008,400008,0.20000000000000284,0.0,0.20000000000000284,0.011753922071814134,0.0
0,83.4,83.60000000000001,execution,tracking_view,0:340a00e9:400011,400011,0.0,0.20000000000000284,0.20000000000000284,0.4553343983816144,0.0
1,83.4,83.60000000000001,execution,tracking_view,1:d7bee851:400009,400009,0.20000000000000284,0.0,0.20000000000000284,0.030684504038446234,0.10000000000000853
0,83.60000000000001,83.80000000000001,execution,tracking_view,0:340a00e9:400011,400011,0.0,0.20000000000000284,0.20000000000000284,0.5026556462081879,0.0
1,83.60000000000001,83.80000000000001,execution,tracking_view,1:d7bee851:400009,400009,0.18299999999999272,0.017000000000010118,0.20000000000000284,0.06714509471442671,0.20000000000000284
1,83.80000000000001,84.0,execution,tracking_view,1:d7bee851:400009,400009,0.05699999999998795,0.14300000000000068,0.19999999999998863,0.14711722239720798,0.19999999999998863
0,83.80000000000001,84.0,execution,tracking_view,0:340a00e9:400011,400011,0.0,0.19999999999998863,0.19999999999998863,0.546171751209151,0.0
0,84.0,84.2,execution,tracking_view,0:340a00e9:400011,400011,0.0,0.20000000000000284,0.20000000000000284,0.5643275632268082,0.0
1,84.0,84.2,execution,tracking_view,1:d7bee851:400009,400009,0.0,0.20000000000000284,0.20000000000000284,0.22826702123625758,0.20000000000000284
0,84.2,84.4,execution,tracking_view,0:340a00e9:400011,400011,0.0,0.20000000000000284,0.20000000000000284,0.5806304658106397,0.0
1,84.2,84.4,execution,tracking_view,1:d7bee851:400009,400009,0.0,0.20000000000000284,0.20000000000000284,0.2882903758628946,0.20000000000000284
0,84.4,84.60000000000001,execution,tracking_view,0:340a00e9:400011,400011,0.0,0.20000000000000284,0.20000000000000284,0.6094569733183272,0.0
1,84.4,84.60000000000001,execution,tracking_view,1:d7bee851:400009,400009,0.0,0.20000000000000284,0.20000000000000284,0.31356504371232424,0.20000000000000284
0,84.60000000000001,84.80000000000001,execution,tracking_view,0:340a00e9:400011,400011,0.0,0.20000000000000284,0.20000000000000284,0.6071552687088263,0.0
1,84.60000000000001,84.80000000000001,execution,tracking_view,1:d7bee851:400009,400009,0.0,0.20000000000000284,0.20000000000000284,0.2866225590141299,0.08599999999999852
0,84.80000000000001,85.0,execution,tracking_view,0:340a00e9:400011,400011,0.0,0.19999999999998863,0.19999999999998863,0.6020283371484246,0.0
1,84.80000000000001,85.0,execution,tracking_view,1:d7bee851:400009,400009,0.0,0.19999999999998863,0.19999999999998863,0.2167713604210962,0.0
0,85.0,85.2,execution,tracking_view,0:340a00e9:400011,400011,0.0,0.20000000000000284,0.20000000000000284,0.5842045391656941,0.0
1,85.0,85.2,execution,tracking_view,1:d7bee851:400009,400009,0.060000000000002274,0.14000000000000057,0.20000000000000284,0.11940086340830879,0.0
0,85.2,85.4,execution,tracking_view,0:340a00e9:400011,400011,0.0,0.20000000000000284,0.20000000000000284,0.5618373011221288,0.0
1,85.2,85.4,execution,tracking_view,1:d7bee851:400009,400009,0.20000000000000284,0.0,0.20000000000000284,0.05468437800319958,0.0
1,85.4,85.60000000000001,execution,tracking_view,1:d7bee851:400009,400009,0.20000000000000284,0.0,0.20000000000000284,0.07783961812247261,0.0
0,85.4,85.60000000000001,execution,tracking_view,0:340a00e9:400011,400011,0.0,0.20000000000000284,0.20000000000000284,0.5178684153963996,0.0
0,85.60000000000001,85.80000000000001,execution,tracking_view,0:340a00e9:400011,400011,0.0,0.20000000000000284,0.20000000000000284,0.47327652364453077,0.0
1,85.60000000000001,85.80000000000001,observation_dwell,observation_dwell,1:d7bee851:400009,400009,0.1839999999999975,0.016000000000005343,0.20000000000000284,0.0922471188512588,0.0
