t,i,x,y,z,speed
0.0,0,-4.0,-3.0,0.09999019,0.009810000000000001
0.0,1,-4.0,3.0,0.09999019,0.009810000000000001
0.011000000000000001,0,-4.0,-3.0,0.09935275577144828,0.10785606118326317
0.012,1,-4.0,3.0,0.09935275577144828,0.10785606118326317
0.021,0,-4.0,-3.0,0.0977354000226568,0.20580412041430712
0.021,1,-4.0,3.0,0.0977354000226568,0.20580412041430712
0.031000000000000003,0,-4.0,-3.0,0.09513910223429867,0.30365427565099495
0.031000000000000003,1,-4.0,3.0,0.09513910223429867,0.30365427565099495
0.041,0,-4.0,-3.0,0.09156484090800698,0.401406624753276
0.041,1,-4.0,3.0,0.09156484090800698,0.401406624753276
0.052000000000000005,0,-4.000000000000249,-2.99999999999976,0.08702587709982636,0.4950019333471048
0.052000000000000005,1,-4.000000000000459,2.999999999999802,0.08702581000099517,0.4950241074604774
0.061000000000000006,0,-4.000000000042973,-2.9999999999586806,0.08164672578290628,0.5695102228337237
0.061000000000000006,1,-4.000000000079116,2.9999999999658273,0.08164585084348669,0.5696579907662219
0.07100000000000001,0,-3.999999990140948,-3.0000000093280796,0.07990798792783219,0.0009291825254040406
0.07100000000000001,1,-3.9999999823495824,3.000000007263798,0.07990662926988124,0.0009429077789452732
0.081,0,-3.999999974795686,-3.000000023849668,0.0799167842876606,0.0008404362681330422
0.082,1,-3.9999999539564377,3.000000019491912,0.07991555552356729,0.0008528485887719943
0.09100000000000001,1,-3.9999999282781578,3.000000030550912,0.07992362913153438,0.0007713766789738484
0.09100000000000001,0,-3.999999960917755,-3.00000003698292,0.07992474042602117,0.0007601515631232826
0.101,0,-3.9999999472002146,-3.000000053959359,0.07993357133420838,0.0012441026654206279
0.101,1,-3.999999902891937,3.0000000414868984,0.07993225433998032,0.0010966741845425249
0.112,0,-3.9999999373318245,-3.000000076405808,0.07997855480797188,0.008254603318986016
0.112,1,-3.999999882995429,3.000000051352503,0.07997282944601673,0.007568236491221127
0.12100000000000001,0,-3.999999937286492,-3.0000001137839507,0.08011819798619588,0.0184706585149154
0.12100000000000001,1,-3.999999868577012,3.0000000689838537,0.08010798667284699,0.018345398633533704
0.131,1,-3.9999998621829134,3.0000001100141946,0.08034633424769518,0.02817678145966273
0.131,0,-3.9999999630272867,-3.000000196572136,0.08035450947907818,0.02772695461079986
0.14100000000000001,0,-4.0000000398006375,-3.0000003680052503,0.08067909344533669,0.03623073533194587
0.14100000000000001,1,-3.999999857736172,3.000000189375827,0.08067796436305201,0.03712806855507796
0.15100000000000002,0,-4.000000202305168,-3.000000680230467,0.08108550181461782,0.04418045697416575
0.15100000000000002,1,-3.9999998311061544,3.0000003117881286,0.08109539401496606,0.04543916212254228
0.161,0,-4.000000494376446,-3.0000011912775455,0.0815689910793252,0.05170061695868393
0.162,1,-3.999999734069637,3.000000465355237,0.08159316269938229,0.05325938574392552
0.171,0,-4.0000009684204345,-3.000001962739929,0.08212581079880123,0.05890137161162338
0.17200000000000001,1,-3.9999994912138477,3.0000006178895555,0.08216730204904484,0.060787092317546344
0.18100000000000002,0,-4.000001686697019,-3.0000030598241243,0.08275340496032847,0.0658902553092122
0.18100000000000002,1,-3.99999900143511,3.00000071800489,0.08281587357092368,0.06816910561460127
0.191,0,-4.000002725568031,-3.0000045543901783,0.08344994222406805,0.07270384948318667
0.191,1,-3.9999981456502476,3.0000007023571573,0.08353748230469088,0.07540251900001972
0.202,0,-4.000004178775032,-3.000006527444062,0.08421345773068006,0.07930463960382933
0.202,1,-3.9999967948433297,3.0000005030415715,0.08433044075703071,0.08245293345624032
0.21200000000000002,0,-4.000006159065828,-3.000009070593908,0.08504196004211267,0.08573150644374637
0.21200000000000002,1,-3.99999481615657,3.00000005303575,0.08519298539768166,0.0893463620943374
0.221,0,-4.000008798618994,-3.000012286734033,0.085933953071579,0.09201271633272114
0.221,1,-3.9999920772081237,2.999999289933668,0.08612374592869967,0.09610359752762458
0.231,0,-4.000012248035784,-3.0000162895243294,0.08688802403686043,0.09817593564105777
0.231,1,-3.9999884499221303,2.9999981587701545,0.08712110885204075,0.10267058849291566
0.24100000000000002,0,-4.0000166735081,-3.00002120177992,0.08790318401428333,0.10423416709269924
0.24100000000000002,1,-3.9999838143656037,2.9999966166879446,0.08818259833994016,0.10895585437879778
0.251,0,-4.000022250165679,-3.0000271510835237,0.08897834466784756,0.11019642992870399
0.251,1,-3.999978062690507,2.999994644979324,0.08930563452100015,0.11501973735290973
0.261,0,-4.000029156414748,-3.000034266226609,0.09011259882587111,0.11605710996401693
0.261,1,-3.999971102463597,2.999992261578324,0.0904882845840826,0.12089566103745812
0.271,0,-4.000037568668777,-3.0000426736841446,0.09130472556133458,0.12178169858004537
0.271,1,-3.999962859858644,2.9999895291018204,0.09172858142479721,0.12656898989967882
0.281,0,-4.000047657943699,-3.0000524954907895,0.0925533635415241,0.12738675859397883
0.281,1,-3.9999532806693465,2.9999865584334096,0.09302465737068982,0.13208306111371346
0.29200000000000004,0,-4.000059587353439,-3.0000638478297215,0.09385721445348459,0.13281573357642648
0.29200000000000004,1,-3.999942329948182,2.999983509171396,0.09437522959699002,0.13748193421556146
0.30100000000000005,1,-3.9999299939351154,2.99998058405611,0.09577904378669365,0.14274173946479524
0.30200000000000005,0,-4.000073504891234,-3.000076838935509,0.09521381753240597,0.1379736344377669
0.311,0,-4.0000895353431725,-3.000091573123618,0.09662079745269894,0.1429351907657166
0.311,1,-3.9999162842317477,2.9999780130802223,0.09723478615609966,0.14789181468140514
0.321,0,-4.000107772526766,-3.000108154180927,0.09807645988562012,0.1477307182304569
0.321,1,-3.9999012405809253,2.999976037373801,0.09874145399813916,0.15293146549902686
0.331,0,-4.000128272285741,-3.00012668553122,0.09957900779068135,0.15233919395515177
0.332,1,-3.9998849329699295,2.9999748966020445,0.1002976844708826,0.1578171245511746
0.341,0,-4.00015105047779,-3.000147271501075,0.10112679811714635,0.15681706957056338
0.341,1,-3.999867461106799,2.9999748198333775,0.10190180950806357,0.16252763454556896
0.35100000000000003,0,-4.000176084199474,-3.000170018982572,0.10271905204297697,0.16126686087771042
0.35100000000000003,1,-3.9998489522806846,2.9999760192501745,0.10355211638634865,0.16707288589158972
0.36100000000000004,0,-4.000203316178826,-3.000195033486248,0.1043557663406174,0.16570866229567116
0.36100000000000004,1,-3.9998295532899553,2.999978683845451,0.10524690102862772,0.17144013138631087
0.371,0,-4.000232665335945,-3.000222404523826,0.10603651770312615,0.17008401860359543
0.371,1,-3.9998094105517272,2.9999829704035896,0.10698434986542778,0.1756238383052062
0.381,0,-4.000264040392768,-3.000252194336682,0.10776057971717559,0.1744003290055477
0.381,1,-3.9997886508233083,2.9999889967473967,0.10876277734609599,0.17966761165890427
0.391,0,-4.000297350851148,-3.000284431862924,0.10952746977913552,0.17865869971250672
0.391,1,-3.999767368071402,2.999996838609178,0.11058100147976725,0.18359132890804547
0.401,1,-3.999745615892968,3.0000065272060383,0.11243765122597862,0.18736607403507727
0.402,0,-4.000332512764017,-3.000319107238572,0.11133632297480055,0.1828103141177978
0.41100000000000003,0,-4.0003694545050905,-3.000356171662423,0.11318646385361002,0.18698999429472826
0.41100000000000003,1,-3.9997234034198517,3.000018049678743,0.11433107186855103,0.19095514320538937
0.42100000000000004,1,-3.9997006974348053,3.000031350816973,0.11625916501223965,0.1943262552938443
0.42200000000000004,0,-4.000408122366531,-3.000395543024572,0.11507947662262259,0.1913567643062727
0.43100000000000005,0,-4.00044847418951,-3.000437103358753,0.11701658710897928,0.19579668045361515
0.43100000000000005,1,-3.999677433308585,3.0000463368035444,0.11821974558719886,0.19747901047759753
0.441,0,-4.000490475882309,-3.000480702645625,0.11899818006889308,0.20026693507576157
0.441,1,-3.999653526782405,3.0000628795754487,0.12021088551129684,0.2004759364081256
0.451,0,-4.000534100395571,-3.0005261651862467,0.1210244993422509,0.2047384855312064
0.451,1,-3.9996288828579365,3.0000808214664043,0.12223137487714503,0.20335924081242412
0.461,0,-4.0005793251192285,-3.000573293389917,0.12309514431693133,0.2091395953287999
0.461,1,-3.9996034032480674,3.0000999781767526,0.12427997220847307,0.20611065907678502
0.47100000000000003,0,-4.000626130297713,-3.0006218722026077,0.12520896283014057,0.21335840793934246
0.47100000000000003,1,-3.999576991403013,3.0001201432336035,0.12635560539497823,0.2088125265779595
0.48100000000000004,0,-4.000674494873263,-3.000671670169757,0.1273628955556889,0.21720831047305927
0.48100000000000004,1,-3.999549553901752,3.000141093336152,0.12845876750710247,0.2116155548392173
0.49100000000000005,0,-4.000724392733753,-3.0007224379042943,0.12955345341312732,0.22073122383832852
0.49100000000000005,1,-3.999521000796853,3.000162591471389,0.13059036389863848,0.21448045123796508
0.501,0,-4.00077578766386,-3.0007739039995007,0.1317775953909957,0.22396593868249803
0.501,1,-3.9994912454086258,3.000184390814373,0.13275054509607714,0.2173265987280645
0.511,0,-4.000828629227014,-3.000825772286526,0.13403277277356468,0.22698717288765582
0.511,1,-3.999460203115111,3.0002062393399043,0.13493900181498053,0.22015105265063614
0.521,0,-4.000882850992159,-3.0008777212495574,0.13631733693714038,0.22986014265572788
0.521,1,-3.999427789927721,3.00022788351387,0.13715565848307484,0.22296106500742624
0.531,0,-4.000938368392024,-3.0009294048682174,0.13862972079390523,0.2325523283471019
0.532,1,-3.999393922830501,3.000249071262521,0.13940025337459133,0.22575308077666642
0.542,0,-4.000995075619648,-3.0009804568533425,0.14096774547077492,0.2350297812115273
0.542,1,-3.999358520795945,3.0002695548373235,0.1416729812340333,0.2285945863436301
0.551,0,-4.00105283791546,-3.0010304992235417,0.14332974105429794,0.23735749351464622
0.551,1,-3.9993215134071898,3.0002890955100883,0.14397436890630919,0.23146971766527774
0.561,0,-4.001111481510655,-3.001079152561122,0.1457141565622697,0.23952473633761298
0.561,1,-3.999282851952235,3.0003074692741434,0.14630429391823221,0.23429973923077763
0.5710000000000001,0,-4.001170788260964,-3.001126044281674,0.14811938951574496,0.24153084021370602
0.5710000000000001,1,-3.999242515575107,3.0003244705097716,0.1486620965220686,0.23704950490878343
0.5820000000000001,0,-4.0012304941448855,-3.0011708146952087,0.1505439061790568,0.2433974684047506
0.5820000000000001,1,-3.9992005153542793,3.000339914961952,0.15104630557024792,0.23957446499619484
0.5910000000000001,0,-4.001290292422036,-3.001213121246017,0.15298653732618564,0.2451517229586904
0.5910000000000001,1,-3.999156897786042,3.000353641852797,0.1534541969569355,0.24182240931911872
0.6020000000000001,0,-4.001349842766543,-3.001252643763613,0.15544603951943237,0.2467712622893541
0.6020000000000001,1,-3.9991117458020184,3.0003655118589165,0.15588317710544422,0.24382468647141622
0.611,0,-4.001408781449267,-3.0012890870907527,0.15792130337162896,0.24831532996628985
0.611,1,-3.9990651798542873,3.0003754056031875,0.15833120860261266,0.24567284998730313
0.622,0,-4.0014667298596285,-3.0013221813336926,0.16041188029378722,0.24981773644474964
0.622,1,-3.9990173570805028,3.0003832219242614,0.16079712232703444,0.2474107105866288
0.628,0,-4.001523302329023,-3.0013516854636846,0.1629171568688843,0.2512413747774447
0.628,1,-3.9989684706563553,3.000388878411027,0.16327976444127656,0.2490319893627396
0.641,0,-4.001578112850979,-3.0013773887583737,0.16543613494637835,0.25254786420539976
0.641,1,-3.998918746855443,3.0003923098813785,0.16577818599210273,0.2506083566525498
0.65,0,-4.001630784773232,-3.0013991110021103,0.16796766465559487,0.2537541215228045
0.65,1,-3.9988684390797022,3.000393464363894,0.16829272391850233,0.2522391112183964
0.661,0,-4.001680967882412,-3.001416703075414,0.17051095700315166,0.25488685632044217
0.661,1,-3.9988178182371072,3.000392303644609,0.17082356172894578,0.2538605628639684
0.671,0,-4.001728355806124,-3.001430050924133,0.17306510933074856,0.255915857351246
0.671,1,-3.998767161289731,3.000388800153522,0.1733709151515832,0.25557002221388236
0.681,0,-4.001772696240502,-3.001439075246008,0.17562932807907558,0.25692850345786755
0.681,1,-3.9987167424004135,3.000382932125491,0.17593615910893848,0.2574065594036397
0.6910000000000001,0,-4.001813791429835,-3.001443723021803,0.1782047216254093,0.25814756016231183
0.6910000000000001,1,-3.998666825998825,3.000374687018026,0.17851963625392706,0.2591641533025305
0.7010000000000001,0,-4.001851498983689,-3.001443966110429,0.18079383046136782,0.2596119035507046
0.7010000000000001,1,-3.9986176595034357,3.0003640633337434,0.18111912443403305,0.2606390843827645
0.7110000000000001,0,-4.001885729410382,-3.001439802360487,0.18339833101152533,0.2611861079718514
0.7110000000000001,1,-3.998569468165716,3.0003510626102123,0.18373199365011203,0.26186709038203615
0.7210000000000001,0,-4.001916434977988,-3.0014312470722797,0.18601879198466992,0.26278289102033014
0.7210000000000001,1,-3.998522451289541,3.0003356852057315,0.18635584067504804,0.2628604083454437
0.7320000000000001,0,-4.001943598734411,-3.001418324084452,0.18865504686878973,0.2643370019582218
0.7320000000000001,1,-3.998476779954403,3.00031792852221,0.188988464464794,0.2636450228681449
0.741,0,-4.001967227161333,-3.001401060906809,0.19130613720511605,0.2657382840498709
0.741,1,-3.9984325967983696,3.0002977847147627,0.19162834241426044,0.2643672937880372
0.751,1,-3.998390017978999,3.000275236709198,0.19427598980525185,0.26517618381017005
0.752,0,-4.001987347703612,-3.001379488277027,0.19397014221980954,0.2669425755919878
0.761,0,-4.002004008404506,-3.0013536398439893,0.19664514687174722,0.26796107775616607
0.761,1,-3.998349129681387,3.000250263043602,0.19693182860465092,0.26599347962632336
0.772,0,-4.002017280053695,-3.001323554920287,0.19932954205797157,0.2688604184361414
0.772,1,-3.9983099877717265,3.0002228384411715,0.19959595848378484,0.26684450112442415
0.781,0,-4.002027255805982,-3.0012892788087955,0.20202256942251023,0.2696945888691563
0.781,1,-3.99827261983626,3.00019293238162,0.20226884195174108,0.26772852463644436
0.791,1,-3.998237025120589,3.00016051181473,0.2049504056925784,0.268577941521092
0.791,0,-4.002034054536924,-3.001250868533588,0.20472333871611917,0.2704254690228445
0.801,0,-4.002037819267331,-3.0012083928881013,0.20743096407825626,0.2710975037698115
0.801,1,-3.998203176741409,3.0001255416079666,0.2076401480200204,0.26936710942263725
0.81,0,-4.002038712148925,-3.0011619300353196,0.21014529567761484,0.2717911264889287
0.81,1,-3.9981710252958225,3.0000879867005157,0.21033759858767534,0.2701410164802536
0.8190000000000001,0,-4.002036909704816,-3.0011115696402886,0.2128667765905742,0.27252566218460117
0.8190000000000001,1,-3.998140503633688,3.000047819541749,0.21304279555016092,0.27091096478106924
0.8310000000000001,0,-4.0020326001323285,-3.001057417903702,0.21559543400924808,0.27323574076389695
0.8310000000000001,1,-3.998111529392746,3.000005030525309,0.21575542392662092,0.27163049799033495
0.8410000000000001,0,-4.002025977986805,-3.000999596639845,0.21833110054770077,0.27395770184816454
0.8410000000000001,1,-3.9980840088608707,2.999959632433554,0.21847510864672257,0.2723448936999466
0.8520000000000001,0,-4.002017238620472,-3.0009382397646958,0.2210741765871531,0.2747289971465291
0.8520000000000001,1,-3.9980578411063115,2.999911660710042,0.2212023771234406,0.2731746998734806
0.8610000000000001,0,-4.002006575047814,-3.000873495539352,0.22382501998800514,0.27551556869242205
0.8620000000000001,1,-3.9980329195948316,2.9998611716245165,0.22393899455154148,0.27418425510467836
0.8710000000000001,0,-4.00199416987064,-3.000805529140414,0.22658378644399474,0.2763397981552721
0.8710000000000001,1,-3.998009128934835,2.9998082380909086,0.22668647474739753,0.2753450481077121
0.882,0,-4.0019801863909175,-3.0007345227710855,0.22935091804232272,0.27719100257564044
0.882,1,-3.99798634358304,2.9997529400402847,0.22944617844380752,0.27660946714197654
0.891,0,-4.001964764564755,-3.0006606782853766,0.2321264257035621,0.27802428272465096
0.891,1,-3.9979644268595638,2.999695358856442,0.2322186782653093,0.2778975576735957
0.901,0,-4.001948017831292,-3.000584216466828,0.23490982983735179,0.2787866944582018
0.901,1,-3.997943231584034,2.9996355719431715,0.2350038693132098,0.2791509064704343
0.911,1,-3.9979226011436704,2.9995736495807135,0.23780082045810585,0.2802204940078585
0.912,0,-4.001930031801995,-3.0005053756120637,0.23770001177395217,0.27937052819595176
0.921,0,-4.001910865841211,-3.0004244100095594,0.2404941788165308,0.27963683051415056
0.921,1,-3.9979023723557865,2.999509658472856,0.24060635176343295,0.28092135061211043
0.931,0,-4.001890553726643,-3.0003415782254077,0.24328945784280154,0.2796404941729131
0.932,1,-3.997882385171435,2.9994436656409333,0.24341711478988606,0.28131748095053266
0.9410000000000001,0,-4.001869106097584,-3.000257133754887,0.24608383284811364,0.2795069197114472
0.9410000000000001,1,-3.997862491282447,2.999375745375991,0.2462307572867904,0.28154950439716137
0.9510000000000001,0,-4.0018465135378145,-3.0001713195518933,0.24887637649755687,0.2792917077584137
0.9510000000000001,1,-3.9978425595171445,2.999305985237121,0.24904608642298226,0.28167269249400384
0.9610000000000001,1,-3.997822479392391,2.9992344915704603,0.25186213433269056,0.2817193792752526
0.9620000000000001,0,-4.0018227501933135,-3.0000843653965505,0.25166689060748554,0.2791399572781767
0.9710000000000001,0,-4.001797779287371,-2.9999964865674977,0.2544566305826245,0.2791378152214404
0.9710000000000001,1,-3.9978021655601395,2.9991613895803053,0.25467857064114396,0.2817754020245981
0.9810000000000001,0,-4.001771565233658,-2.9999078878553918,0.2572471673740567,0.27927581733018453
0.9810000000000001,1,-3.9977815642411283,2.9990868217848163,0.25749567533995793,0.2818492172270251
0.9910000000000001,0,-4.001744083963365,-2.9998187665224867,0.26003938410369115,0.2794618454333449
0.9910000000000001,1,-3.9977606580513996,2.9990109472465005,0.26031333400735174,0.2818896642485864
1.001,0,-4.001715329231878,-2.999729313403662,0.2628333680872104,0.2796289473266866
1.001,1,-3.997739467981186,2.9989339388578995,0.26313099659737854,0.2818598825091248
1.011,0,-4.001685315639556,-2.999639713324711,0.26562891103166797,0.2797828095010795
1.012,1,-3.997718052911086,2.998855979145394,0.26594885783738587,0.28198271941394953
1.017,0,-4.001654079279914,-2.9995501468871457,0.26842584117536084,0.27990545044577514
1.017,1,-3.9976965066015877,2.9987772535388135,0.2687692945377712,0.2823333781621437
1.032,0,-4.001621676919426,-2.9994607940434013,0.27122372470460104,0.2799750677028516
1.032,1,-3.9976749524257364,2.99869794288285,0.27159392356550893,0.28279651962971625
1.041,0,-4.0015881843728165,-2.999371836649231,0.27402167856052945,0.27991799134822826
1.041,1,-3.9976535368246298,2.998618213705912,0.27442330073886884,0.28326186480996685
1.052,0,-4.001553694585088,-2.999283459668357,0.2768182244125719,0.27970915611755887
1.052,1,-3.9976324234219214,2.9985382112196874,0.2772569142967698,0.2836485388273735
1.062,0,-4.001518314746378,-2.9991958517662987,0.279611900290084,0.27935733820112874
1.062,1,-3.9976117881042543,2.9984580546619046,0.2800938922855931,0.2839417319524722
1.071,0,-4.001482163217378,-2.9991092062525517,0.2824024437545478,0.2791673704966374
1.071,1,-3.9975918154475565,2.998377834932247,0.2829340426061901,0.2843668967873236
1.08,0,-4.001445365150759,-2.9990237225087393,0.2851934295199351,0.27936741116467345
1.08,1,-3.997572696659335,2.998297615608104,0.28578085580789764,0.2852016648570725
1.089,0,-4.001408052123801,-2.9989395973047457,0.2879877137476821,0.27977550369307114
1.089,1,-3.9975546193765044,2.998217440644701,0.2886374034114703,0.28626316511685246
1.101,0,-4.001370358065727,-2.9988570184109875,0.29078673033538716,0.2802795490012327
1.101,1,-3.9975377585203575,2.998137342340398,0.29150521523411216,0.2874245744495257
1.111,0,-4.001332415457721,-2.9987761595307703,0.29359023827546765,0.28060312019270717
1.111,1,-3.9975222703461357,2.9980573473913843,0.2943845960176648,0.2885181126297437
1.121,0,-4.00129435241144,-2.9986971753689957,0.29639545439411225,0.28069089521045304
1.121,1,-3.997508284867202,2.9979774811800364,0.2972724030441521,0.2891004277425103
1.131,0,-4.001256287619567,-2.998620206284508,0.29920108309324855,0.28068206245194777
1.131,1,-3.9974959055333743,2.9978977689073925,0.30016260936901645,0.2890817296467844
1.141,1,-3.997485222344598,2.9978182313011237,0.3030507992643468,0.28881071710386674
1.142,0,-4.001218324008771,-2.9985453759640768,0.30200687915515834,0.2807706248170435
1.151,0,-4.0011805435514844,-2.998472793415701,0.30481502154346773,0.2810916683345904
1.151,1,-3.9974763233723767,2.997738879568403,0.3059363375748515,0.28854042867452473
1.161,1,-3.997469294360805,2.9976597116289048,0.3088189716054369,0.28822649359006436
1.162,0,-4.001143003749354,-2.9984025462714916,0.3076271599102914,0.28152872556676584
1.171,0,-4.001105735903841,-2.998334699470186,0.31044386363940907,0.2819705917079022
1.171,1,-3.9974642218293006,2.997580710173995,0.3116986816755186,0.2879963800942018
1.181,0,-4.00106874933326,-2.9982692985136286,0.3132646714530535,0.28233948842078865
1.181,1,-3.9974611958285795,2.9975018440098657,0.31457719562392683,0.2879475770764154
1.191,0,-4.001032046132887,-2.9982063802727876,0.316088714505213,0.2826119758574107
1.191,1,-3.9974602990864416,2.9974230742092938,0.31745570255198174,0.28797312927634433
1.202,0,-4.000995635759387,-2.9981459835463813,0.3189153044338478,0.28287019051806833
1.202,1,-3.9974616005119543,2.997344360798542,0.3203349356241765,0.2881059394371857
1.21,0,-4.000959545232757,-2.9980881577396645,0.3217448830635936,0.2831804743809884
1.21,1,-3.997465153232274,2.997265667608301,0.323216304137374,0.28836952109153
1.22,0,-4.000923825190424,-2.9980329646559056,0.3245781544757255,0.28362772091527727
1.22,1,-3.9974709895449627,2.997186965513368,0.3261007491245911,0.2887141919453842
1.231,0,-4.00088855179767,-2.9979804820033666,0.32741719345736275,0.2842793312325242
1.231,1,-3.997479123837762,2.9971082320061364,0.3289889130627393,0.2890985270795818
1.241,0,-4.000853821048236,-2.997930793645081,0.33026332809167697,0.2850045826595935
1.241,1,-3.997489561308641,2.9970294458085918,0.33188073722282757,0.28943713692994694
1.252,0,-4.000819742150392,-2.9978839832347717,0.33311667005005074,0.2857039568609005
1.252,1,-3.9975023071804623,2.9969505815833504,0.3347754766302731,0.28968933588770257
1.2610000000000001,0,-4.000786432507941,-2.9978401319324974,0.3359767328503717,0.2863385895007868
1.2610000000000001,1,-3.997517374124949,2.9968716063050436,0.33767214881546775,0.28983471522751947
1.271,0,-4.0007540144637845,-2.99779931903147,0.338843626960808,0.28710360438435795
1.271,1,-3.997534788705843,2.99679247683861,0.3405705079479145,0.29008033493623353
1.2810000000000001,1,-3.997554596552558,2.996713138519782,0.34347226998932623,0.2904746317587
1.2810000000000001,0,-4.000722613322531,-2.997761623413959,0.34171921184122606,0.28801402522707586
1.291,0,-4.0006923528102885,-2.997727111159115,0.3446040657955676,0.2889349390950511
1.291,1,-3.9975768528743045,2.9966335274782097,0.3463781760544208,0.2908993699497011
1.3010000000000002,0,-4.00066335516327,-2.997695831545788,0.34749795582963783,0.2898040495198241
1.302,1,-3.997601614137792,2.9965535759127406,0.3492882054898224,0.29129541198089076
1.311,0,-4.000635741320576,-2.997667813305802,0.35040005615117675,0.2905739775751559
1.311,1,-3.9976289299265364,2.9964732171522668,0.35220167894950527,0.29159977324144726
1.322,0,-4.000609631098564,-2.9976430629884074,0.35330924560271115,0.2912233124258599
1.322,1,-3.9976588379048774,2.9963923891555178,0.35511757292310636,0.29179579839910413
1.331,0,-4.000585143852456,-2.9976215658613596,0.35622473245339525,0.29185731544011334
1.331,1,-3.9976913606106845,2.9963110368615857,0.35803474302319493,0.2918740002555159
1.341,0,-4.000562398360154,-2.9976032865587854,0.3591462759730741,0.29239241089988294
1.341,1,-3.997726505834669,2.9962291131169914,0.36095289612579984,0.2920714801981843
1.352,0,-4.000541506022121,-2.997588163095274,0.3620721018601536,0.2927302962028094
1.352,1,-3.997764270011122,2.9961465793484017,0.36387471851016884,0.29256060662623545
1.361,1,-3.99780462436734,2.996063412476267,0.36680228472966975,0.29319675124484734
1.362,0,-4.000522565773697,-2.997576112905469,0.3650003302974366,0.29288787921802745
1.371,0,-4.000505658693415,-2.997567036157594,0.3679294895767345,0.2929476447530483
1.371,1,-3.9978475110558787,2.9959796090684545,0.36973680134941095,0.29395914297337034
1.381,0,-4.000490845309931,-2.997560819317671,0.3708590968609248,0.29297078034024626
1.381,1,-3.9978928444728226,2.9958951867761,0.37267958842474846,0.2948327680298693
1.391,1,-3.997940507808331,2.9958101860197734,0.37563059426594386,0.2955546387495799
1.391,0,-4.000478162189097,-2.9975573351639406,0.3737890094253348,0.29302826810064525
1.401,0,-4.00046762214729,-2.997556448409711,0.3767202250928587,0.2932260591084282
1.401,1,-3.997990350647363,2.9957246699238214,0.3785870466019362,0.29599576226720636
1.409,0,-4.00045921083165,-2.9975580193563975,0.3796541386476617,0.293538819203032
1.409,1,-3.9980421965614066,2.995638719694935,0.38154700092978705,0.29628123961677044
1.421,0,-4.0004528834944715,-2.9975619064625874,0.38259144272427986,0.2938889741457783
1.421,1,-3.998095841788966,2.9955524322796205,0.38450893699252775,0.29641597228544064
1.432,0,-4.000448565512923,-2.99756797063443,0.3855321613871776,0.2942162197498383
1.432,1,-3.9981510555746502,2.9954659179456975,0.38747134848840864,0.2963994553602015
1.441,0,-4.000446154480593,-2.9975760789219286,0.3884759489030919,0.29451281747998337
1.441,1,-3.9982075829146106,2.995379297633106,0.3904330110117661,0.2963101576420701
1.452,0,-4.000445522976895,-2.9975861079834063,0.3914225892504613,0.29478341092491395
1.452,1,-3.9982651490691166,2.995292700212408,0.3933939697629621,0.29625279522169884
1.461,0,-4.000446519093633,-2.997597946295092,0.39437160340678856,0.294990164098726
1.461,1,-3.998323463548348,2.995206259122746,0.39635427348084934,0.29617550726751735
1.472,0,-4.000448967359387,-2.9976114959687714,0.3973217587343818,0.29498970397563823
1.472,1,-3.998382226330655,2.9951201083858248,0.399313063851179,0.29592197093491984
1.482,0,-4.000452670076205,-2.9976266728014234,0.40027013887015295,0.29467977549640834
1.482,1,-3.9984411341512276,2.9950343789530884,0.40226769144374425,0.29538094932356573
1.491,1,-3.9984998867619606,2.9949491966824495,0.40521565445581964,0.2946207642591676
1.491,0,-4.000457413396696,-2.997643410396116,0.40321427397652665,0.2941894433000833
1.501,0,-4.000462975009206,-2.9976616604879562,0.40615413772085085,0.29389087887987747
1.501,1,-3.9985581918081516,2.9948646827646823,0.40815631056201684,0.2939890505912815
1.5110000000000001,0,-4.000469134714986,-2.9976813866553313,0.4090928126885443,0.2938952952373854
1.512,1,-3.9986157704557046,2.9947809566580874,0.4110922782844794,0.2936242648442153
1.521,0,-4.000475681131477,-2.9977025515437403,0.4120324974044433,0.29405962565820576
1.521,1,-3.9986723651404925,2.9946981353140254,0.41402549233574204,0.2933984325682949
1.5310000000000001,0,-4.000482419528435,-2.9977251120650887,0.41497430202653557,0.2943054388432325
1.532,1,-3.9987277449584604,2.994616333476132,0.41695689635684624,0.2932392724968134
1.542,0,-4.000489177440469,-2.99774901713692,0.4179187312168728,0.2945736793370271
1.542,1,-3.9987817085456974,2.9945356641660204,0.4198869021275269,0.2930961981386856
1.5510000000000002,0,-4.000495808019861,-2.9977742048703795,0.4208650224925753,0.29464698138058537
1.5510000000000002,1,-3.998834086092632,2.9944562381733526,0.42281524225705935,0.2928839696303382
1.561,0,-4.000502190835965,-2.9978005975926894,0.4238103686501837,0.29442612335237944
1.561,1,-3.998884741587602,2.994378160085581,0.4257408933277417,0.2925568853613867
1.5710000000000002,0,-4.0005082286362335,-2.997828096669432,0.42675240806680986,0.294034896073234
1.5710000000000002,1,-3.998933574635926,2.994301520216524,0.4286630697947419,0.29219904065979135
1.581,0,-4.000513843408927,-2.9978565764516802,0.42969004534651484,0.2935537364844086
1.581,1,-3.9989805216409615,2.99422638726746,0.43158170201193435,0.29182812437941
1.5910000000000002,0,-4.000518973665798,-2.997885879311235,0.4326223308828461,0.2929739841048271
1.5910000000000002,1,-3.999025557897955,2.994152801961129,0.4344964638973606,0.2914107848906271
1.6,0,-4.000523571853362,-2.9979158145270137,0.43554848722132783,0.29235588999333667
1.6,1,-3.9990686964674684,2.9940807745022906,0.4374069080630263,0.2909724086390701
1.609,0,-4.000527601510574,-2.9979461595904433,0.4384691360469984,0.2919170373432298
1.609,1,-3.9991099843527778,2.9940102852853183,0.44031356626438567,0.2906568024234749
1.619,0,-4.000531036319393,-2.9979766658281752,0.4413873839022013,0.29181647794991905
1.619,1,-3.999149498541073,2.9939412881027527,0.44321815439102347,0.2905119089975479
1.631,1,-3.9991873411385983,2.9938737187120648,0.4461220389071206,0.29050188436595137
1.631,0,-4.000533866060289,-2.998007074770111,0.444305969848574,0.2919622957949311
1.641,0,-4.000536101346584,-2.9980371374235957,0.44722722274182003,0.29230803508911485
1.641,1,-3.9992236304502495,2.993807507228209,0.4490266484187778,0.2906180953369355
1.651,0,-4.000537776557091,-2.998066628889017,0.4501525326955503,0.2927471750671338
1.651,1,-3.999258495299583,2.993742586010994,0.45193277909857427,0.29078022419632443
1.661,0,-4.0005389506868685,-2.9980953584701915,0.45308233178095836,0.2931941288460083
1.661,1,-3.9992920695786887,2.99367889584975,0.454840512251474,0.29092410962510057
1.671,0,-4.000539706639352,-2.998123175490685,0.4560164758471926,0.2936128538290768
1.671,1,-3.9993244870926326,2.993616390732121,0.45774982048464286,0.2911107152518941
1.682,0,-4.0005401499869775,-2.9981499691581095,0.4589545169816641,0.29397195613347116
1.682,1,-3.999355875895027,2.993555039008152,0.4606615518909019,0.2913791027633457
1.691,0,-4.000540407793995,-2.998175661616137,0.46189569734770863,0.2942437897054342
1.691,1,-3.9993863531683855,2.993494815908345,0.46357610684130895,0.29165798552951416
1.701,1,-3.9994160192306363,2.9934356973092977,0.46649365413628163,0.2919833983337316
1.701,0,-4.000540626950242,-2.9982002000489576,0.46483924335104715,0.29446779363472086
1.711,0,-4.00054097231878,-2.9982235498059437,0.4677851088365275,0.29469828997754804
1.7120000000000002,1,-3.999444953266517,2.993377655878825,0.4694148664952724,0.2923675276656513
1.722,0,-4.000541624494328,-2.9982456905742274,0.4707331997849913,0.29491199604918095
1.722,1,-3.9994732127140162,2.9933206562448786,0.47233907977830913,0.2925354228528108
1.731,0,-4.000542774935341,-2.9982666131978117,0.47368340630353495,0.2951328584445277
1.731,1,-3.99950083635178,2.9932646552192717,0.4752633002707022,0.29242651920690443
1.741,0,-4.000544616790938,-2.9982863179986876,0.4766361580455164,0.29540670385003437
1.741,1,-3.999527850973526,2.9932096118356655,0.47818563017249127,0.2921707466627921
1.751,1,-3.999554280245948,2.9931554929172624,0.48110464960999955,0.291774582585704
1.752,0,-4.000547335448069,-2.9983048152190896,0.47959166790589086,0.2956747099487507
1.7610000000000001,0,-4.000551101905136,-2.9983221243232863,0.4825499363260937,0.29597195125247533
1.7610000000000001,1,-3.999580150969386,2.99310227675762,0.48401897269563204,0.29124260870894403
1.771,1,-3.999605496827631,2.9930499559036527,0.48692766310208135,0.2906703129591357
1.771,0,-4.000556069055456,-2.9983382723379197,0.485511449251764,0.2963069708978567
1.7810000000000001,1,-3.9996303604683674,2.9929985385802977,0.48983061398262867,0.2900846078320886
1.782,0,-4.000562367905238,-2.998353294189939,0.4884762154650096,0.296611879882387
1.791,0,-4.000570107197511,-2.9983672356814925,0.49144355504443793,0.29682602181238243
1.791,1,-3.999654791155766,2.992948047290931,0.492727449908042,0.28944458137713763
1.8010000000000002,0,-4.000579379180691,-2.998380164866001,0.4944127134250169,0.2970016174110143
1.8010000000000002,1,-3.9996788325705914,2.992898516578442,0.49561778634746895,0.28880238267068065
1.81,0,-4.00059026680755,-2.9983921834428644,0.49738370951210586,0.2971839397848692
1.81,1,-3.999702510691665,2.9928499909086477,0.49850197599425944,0.2881976918169931
1.82,0,-4.000602846504662,-2.9984034351994495,0.5003563284860685,0.2973245492663996
1.82,1,-3.9997258263539233,2.9928025212739002,0.5013800754543611,0.28757506367628327
1.831,0,-4.000617191338769,-2.998414109435457,0.5033302016857253,0.2974566334454467
1.831,1,-3.9997487506285525,2.992756163129633,0.5042519177044403,0.2869607851902494
1.842,0,-4.000633373459457,-2.998424440947132,0.5063050910574749,0.29748518712854366
1.842,1,-3.999771222379728,2.992710975872141,0.5071182391764426,0.2864697509361774
1.851,0,-4.0006514588951525,-2.9984347039191794,0.5092788819425691,0.2972715314794757
1.851,1,-3.999793151725436,2.9926670224441225,0.5099804627189548,0.2861085409405196
1.8610000000000002,0,-4.0006715041201115,-2.9984451940378922,0.5122495920484115,0.296914551502582
1.8610000000000002,1,-3.9998144328221805,2.9926243707672455,0.5128397141239007,0.2858700550113352
1.871,0,-4.000693551178379,-2.9984562120608875,0.5152163799677264,0.2964926432194977
1.871,1,-3.9998349563414353,2.9925830967286315,0.5156972617603058,0.2857370181723529
1.881,0,-4.000717621077019,-2.9984680509522286,0.5181784482987546,0.2959810273577499
1.881,1,-3.9998546195988673,2.992543284261462,0.5185537184244627,0.28563333504758454
1.891,0,-4.000743711540444,-2.9984809866678925,0.5211351173025232,0.2954425207264789
1.892,1,-3.999873333382079,2.992505025463,0.5214090544434755,0.2855034073160863
1.901,0,-4.000771798929005,-2.9984952736065846,0.5240872280873156,0.29509590484092013
1.901,1,-3.9998910261761904,2.9924684203797374,0.5242628503271735,0.2853212402081732
1.911,0,-4.000801836686253,-2.9985111406499927,0.5270371729147572,0.29497020746551633
1.911,1,-3.9999076448863646,2.992433576829081,0.5271144629846956,0.28506445571051503
1.921,1,-3.9999231507730477,2.9924006108349404,0.529962994026144,0.2847079181233027
1.921,0,-4.000833746928109,-2.9985287834842134,0.5299864733526173,0.2949475497732233
1.931,0,-4.000867418779055,-2.9985483618620643,0.5329360025987258,0.2950260219341751
1.931,1,-3.9999375141396354,2.992369647623915,0.5328077080254273,0.28432127189572465
1.941,0,-4.0009027098341985,-2.998570000036565,0.5358868820905937,0.2951996770325558
1.941,1,-3.9999507098878144,2.9923408225867965,0.5356486824097215,0.2839445915056646
1.951,0,-4.0009394466124775,-2.998593786110715,0.5388400450546927,0.29549551325598317
1.951,1,-3.9999627147246266,2.992314281072907,0.5384868927541484,0.2838091992272009
1.9620000000000002,0,-4.000977429302293,-2.998619776626082,0.5417971137195478,0.2959770158931762
1.9620000000000002,1,-3.9999735037420963,2.992290184870575,0.5413259640815894,0.2840675801927346
1.971,1,-3.9999830540579806,2.9922687130419248,0.544169431660681,0.2846253861463128
1.972,0,-4.00101643687565,-2.998648001249812,0.5447599114850575,0.2966131254804851
1.981,0,-4.001056232088576,-2.9986784660180232,0.5477294181196308,0.2973062291752314
1.981,1,-3.999991347114296,2.992250063915586,0.5470194399042939,0.2853366313960584
1.991,0,-4.001096567345064,-2.998711158119995,0.5507058420977538,0.2979943581417202
1.991,1,-3.9999983688927236,2.992234457686883,0.5498769649652091,0.2861056992216166
2.001,0,-4.001137189743521,-2.9987460491983127,0.5536884552267146,0.29853383478268913
2.002,1,-4.000004111066063,2.992222133836788,0.5527412821061687,0.28664371611310524
2.011,0,-4.001177845095549,-2.9987830951017265,0.5566752488985106,0.29886093162802946
2.011,1,-4.000008575998744,2.9922133380261626,0.5556089301345812,0.28681921222373596
2.018,0,-4.001218280800261,-2.998822234713193,0.5596642764703139,0.2990063855789195
2.019,1,-4.000011781910911,2.992208310897486,0.5584766997630833,0.28670486338303247
2.031,0,-4.001258247468712,-2.9988633863198197,0.5626537512882315,0.298974115818053
2.032,1,-4.000013770020038,2.992207271056084,0.5613419826373771,0.2863516440797865
2.041,1,-4.000014609124394,2.992210402246621,0.5642026189282979,0.2858004651675122
2.042,0,-4.001297500427543,-2.9989064455716936,0.5656419690359279,0.29877702135077044
2.051,0,-4.001335801658003,-2.998951284716923,0.5686270536406755,0.2983456662896531
2.051,1,-4.000014397629489,2.9922178441805487,0.5670565445529794,0.28502394946312914
2.061,0,-4.00137292599225,-2.9989977537541526,0.5716074163940242,0.29793002604691704
2.061,1,-4.000013256255188,2.9922296939560575,0.5699026910639599,0.28433184818195817
2.071,0,-4.001408674374146,-2.999045685537199,0.5745847646520815,0.2977041128096303
2.071,1,-4.000011308245833,2.992246019239091,0.5727433202408232,0.2838773827922495
2.08,0,-4.0014428938172815,-2.999094890090707,0.5775603805377861,0.2975614786870759
2.08,1,-4.000008666732151,2.992266844165604,0.5755800991704678,0.28353979959870906
2.091,0,-4.00147548933033,-2.999145155516299,0.5805341734594582,0.2973069901210855
2.091,1,-4.000005423537395,2.9922921488072167,0.578413205123555,0.28311399743200194
2.102,0,-4.00150643033227,-2.9991962507258356,0.5835042631756582,0.2968459907111609
2.102,1,-4.000001641548688,2.9923218713051765,0.5812409445808345,0.28249836744943246
2.111,0,-4.0015357493606905,-2.999247930611595,0.5864687349077004,0.29620150276437995
2.111,1,-3.9999973490316676,2.992355922918553,0.5840621844970897,0.2818842912857457
2.121,0,-4.001563537679945,-2.999299942068914,0.5894258090812096,0.29538540701123756
2.121,1,-3.9999925398858616,2.992394199582902,0.5868780798314347,0.2814100040050276
2.1310000000000002,0,-4.001589932497524,-2.9993520360585766,0.5923744707100085,0.29456236177079714
2.1310000000000002,1,-3.999987183456137,2.9924365775856003,0.5896901378215225,0.281139266452396
2.142,0,-4.001615103346237,-2.9994039785640987,0.5953153527422788,0.29380788016163584
2.142,1,-3.999981233845549,2.9924829197390688,0.5925006843022371,0.281077701752857
2.151,0,-4.001639244557875,-2.9994555581600193,0.598248780678301,0.2930598272574545
2.151,1,-3.999974638362809,2.9925330720985244,0.595311166370357,0.28111491617306283
2.161,1,-3.999967343048488,2.9925868684663928,0.5981224037525833,0.2812479608918959
2.162,0,-4.00166256668458,-2.999506591413221,0.6011748489480281,0.29234886594563697
2.171,1,-3.999959296351221,2.9926441361010725,0.6009353031627697,0.28141413580095653
2.172,0,-4.001685288801343,-2.9995569253637013,0.6040945751542356,0.29180027619179305
2.181,0,-4.001707631818471,-2.999606437346548,0.607010082359897,0.29146144244192346
2.181,1,-3.9999504531165186,2.992704692742308,0.6037491013264018,0.2814521868871845
2.191,0,-4.001729809002338,-2.9996550318632247,0.6099232060334966,0.291310242670469
2.191,1,-3.9999407742618844,2.9927683564818173,0.6065627824066718,0.28143408498024874
2.201,0,-4.001752016148157,-2.999702635360476,0.6128357213728579,0.29130404794669823
2.201,1,-3.999930225780501,2.992834953454019,0.6093761291914831,0.28139423180717804
2.209,0,-4.001774424752383,-2.9997491928057562,0.6157485742828649,0.291356277590377
2.209,1,-3.9999187793515065,2.9929043176580037,0.6121887328245857,0.2812997824198678
2.22,0,-4.001797177567731,-2.9997946643442694,0.6186619202963933,0.29137916474232495
2.22,1,-3.99990641184905,2.992976293599966,0.6150002019940014,0.2812199367997379
2.231,0,-4.001820388576242,-2.999839023718377,0.6215747530094337,0.2912608835493232
2.231,1,-3.999893102149261,2.993050738258871,0.6178117341256477,0.28130037439584005
2.241,0,-4.001844153586074,-2.999882258220876,0.6244856003565253,0.29099548124005553
2.241,1,-3.999878826694918,2.993127502682929,0.6206244031626907,0.2814402207316343
2.251,0,-4.00186856339194,-2.999924369424054,0.627393049979767,0.29059356988841323
2.251,1,-3.9998635535424536,2.993206414664949,0.6234384479127827,0.2815799283588835
2.261,0,-4.001893714172509,-2.999965372305044,0.6302970109717818,0.2903653331257108
2.261,1,-3.999847236259609,2.993287271859996,0.6262548755572742,0.28198282243493394
2.271,0,-4.0019197154577295,-3.0000052932752608,0.6332004675122945,0.29043338122329204
2.271,1,-3.999829809194524,2.9933698390408776,0.6290773858827434,0.28273930422665783
2.281,0,-4.0019466909827415,-3.000044173067619,0.6361061138331903,0.2907916549431638
2.281,1,-3.9998111908852305,2.993453837713023,0.6319084623246393,0.2836595803716999
2.291,0,-4.001974771679193,-3.000082060934827,0.6390164696358712,0.2912984822352597
2.291,1,-3.999791288983273,2.993538949159178,0.6347486404496396,0.284523916821637
2.301,0,-4.0020040703775,-3.000119003388457,0.6419315843698576,0.2917440611470812
2.301,1,-3.999770011188305,2.9936248255298463,0.63759630257924,0.2851859163123345
2.311,0,-4.002034662757953,-3.0001550304089757,0.6448506887407395,0.29210195420835383
2.311,1,-3.999747272513295,2.993711102907163,0.640449538548714,0.2856638246204154
2.321,0,-4.002066574680336,-3.0001901469334045,0.6477728048827639,0.2923552101090853
2.321,1,-3.999723001254267,2.9937974100334417,0.6433065963889287,0.2859716451836458
2.331,0,-4.002099775391616,-3.0002243277336627,0.6506973235263896,0.29262363965251614
2.331,1,-3.9996971424294583,2.993883374628531,0.6461663463236221,0.2862506219656714
2.341,0,-4.0021341753996476,-3.0002575146684936,0.6536247451107793,0.2928949993078186
2.341,1,-3.9996696591005976,2.9939686278517375,0.6490289713703976,0.28651006450683125
2.351,0,-4.002169628026552,-3.000289620702691,0.6565543077584988,0.2930598861847349
2.351,1,-3.999640538823182,2.994052810034814,0.6518935515498369,0.2866499152076849
2.362,0,-4.002205945120895,-3.0003205350769386,0.6594851469255164,0.29317812272187344
2.362,1,-3.9996097951897,2.9941355748020375,0.654759274472803,0.2867584119365899
2.371,0,-4.00224291202301,-3.0003501287370566,0.6624171884388453,0.29329069167081073
2.372,1,-3.9995774690401125,2.9942165917605963,0.6576260806309382,0.2868529925619648
2.3810000000000002,0,-4.002280297995414,-3.0003782610201393,0.6653501415327506,0.2933568723410767
2.3810000000000002,1,-3.9995436307963685,2.994295550455818,0.6604936216056104,0.2868965673545926
2.391,0,-4.0023178653182425,-3.0004047841147377,0.668283627065568,0.2934157679977427
2.391,1,-3.9995083794605484,2.9943721617763512,0.6633614900603431,0.286930821012433
2.401,0,-4.002355376337902,-3.000429545151806,0.6712182378596231,0.29358723808535153
2.401,1,-3.9994718397522306,2.994446156949403,0.6662301045003363,0.2870330557156442
2.409,0,-4.002392599630722,-3.0004523924810917,0.6741553250436212,0.2938782744087241
2.409,1,-3.999434158223732,2.9945172939550613,0.6691000943404862,0.28717815505307703
2.4210000000000003,0,-4.002429318333726,-3.0004731901502857,0.6770956172338857,0.29420817581359676
2.4210000000000003,1,-3.9993954933069356,2.9945853740731514,0.6719715453100442,0.28730665831867813
2.431,0,-4.002465337314836,-3.000491828852199,0.6800393113683465,0.2945564964946748
2.431,1,-3.9993560042345115,2.9946502545455,0.6748442228261928,0.2874193053090232
2.442,0,-4.002500487573186,-3.0005082321608834,0.6829865404516349,0.2949015511931647
2.442,1,-3.9993158426977313,2.9947118548765532,0.6777180348929838,0.2875147874497321
2.451,1,-3.9992751476711508,2.994770161744419,0.6805925534189782,0.28754949128910956
2.451,0,-4.0025346291637,-3.000522361408115,0.6859370057992801,0.2951977756284655
2.461,0,-4.002567651583682,-3.0005342159171104,0.6888906380401346,0.2955842944177735
2.461,1,-3.9992340414439362,2.994825227620311,0.6834674284164819,0.28761198043920494
2.471,0,-4.002599469173293,-3.000543829939659,0.6918496781131944,0.2962266995759812
2.471,1,-3.999192627162229,2.9948771637394853,0.6863437484807872,0.2878000035768436
2.482,0,-4.0026300158659325,-3.000551283525381,0.6948159128869283,0.2969892079143115
2.482,1,-3.999150989602105,2.99492614024085,0.6892222757013107,0.28802764980794215
2.491,0,-4.0026592370856635,-3.000556707415189,0.6977899767900155,0.2977685045022794
2.491,1,-3.9991091959799254,2.9949723802287096,0.6921030122899914,0.28822201288610944
2.501,0,-4.002687082811045,-3.0005602828629465,0.7007715810185952,0.2984932864281172
2.501,1,-3.9990672968057863,2.9950161520897067,0.6949852367322696,0.28832384060246874
2.511,0,-4.002713503105139,-3.000562239747592,0.7037594410986374,0.29898687126828366
2.511,1,-3.999025326941918,2.9950577596817496,0.697868479964042,0.28845203705788464
2.521,0,-4.0027384485495325,-3.000562853235464,0.7067506929583602,0.2992396293595842
2.521,1,-3.998983308439515,2.995097530280288,0.7007539637153801,0.28876744023914036
2.531,0,-4.002761872174586,-3.0005624334543968,0.7097437993428852,0.29936634720893285
2.531,1,-3.998941256312343,2.995135804187431,0.7036436264400677,0.28924708569780133
2.541,0,-4.002783737398429,-3.0005613209331483,0.7127374849345286,0.29936481877788385
2.541,1,-3.998899183714175,2.9951729253149586,0.7065385122980418,0.2897889257190141
2.551,0,-4.002804022748074,-3.00055988082727,0.7157304354700569,0.2992299310936451
2.551,1,-3.9988571054695354,2.9952092310303087,0.7094388639586624,0.2903285813692209
2.561,1,-3.9988150404129534,2.995245044300284,0.7123447024911934,0.29089953171474237
2.561,0,-4.002822723945139,-3.0005584970880377,0.7187215731675441,0.2990313567636253
2.571,0,-4.0028398535825565,-3.0005575675364233,0.7217110093627283,0.2989054139757231
2.571,1,-3.998773012831683,2.995280668383328,0.7152564398459922,0.29148051575040257
2.581,0,-4.0028554416826925,-3.000557496765717,0.724699902442846,0.2988952481081065
2.581,1,-3.9987310533599683,2.9953163834891736,0.7181734724561148,0.2919631839934363
2.591,0,-4.002869537422989,-3.000558679749525,0.7276891733650928,0.2989810192942777
2.591,1,-3.9986891996353298,2.9953524437199923,0.7210948770865975,0.2923823532367768
2.601,0,-4.002882207672133,-3.000561486548651,0.7306799530000371,0.2991722414214715
2.601,1,-3.998647496690678,2.9953890758330446,0.7240204634281844,0.29279440180351624
2.6109999999999998,0,-4.002893536773671,-3.0005662499523846,0.7336728514832165,0.2993904271499314
2.6109999999999998,1,-3.998605996777296,2.9954264784075546,0.7269499631192777,0.2931639093463966
2.622,0,-4.002903624511035,-3.0005732583697995,0.736668163202495,0.2996653793721295
2.622,1,-3.998564758856849,2.9954648218416517,0.7298829044849934,0.2935051107028981
2.6310000000000002,0,-4.002912583169441,-3.000582753591453,0.7396667223378056,0.30003203454889266
2.6310000000000002,1,-3.9985238480991803,2.995504249788179,0.7328194030632996,0.29386015157018225
2.642,0,-4.002920536941923,-3.000594928580283,0.7426694019476681,0.3004718648127141
2.642,1,-3.9984833333653937,2.995544879720659,0.7357590786161686,0.29414301947838795
2.651,0,-4.00292762307945,-3.000609928318766,0.7456764731117184,0.300903105116786
2.651,1,-3.998443280211569,2.9955868069586478,0.7387009690562825,0.2943128951733737
2.661,0,-4.002933992185364,-3.000627855160356,0.748687925942801,0.3013657251365358
2.661,1,-3.9984037435474837,2.995630110419924,0.7416442138330597,0.29444274089821565
2.6710000000000003,0,-4.002939807355924,-3.000648775798814,0.751704264523537,0.3018677873873985
2.6710000000000003,1,-3.998364762798147,2.9956748576965713,0.7445887809689951,0.2945720250901641
2.681,0,-4.002945243896003,-3.000672722716773,0.7547255717778677,0.30235450371290146
2.681,1,-3.998326358106173,2.9957211063431983,0.7475342933020026,0.2946054025165042
2.691,0,-4.002950486315978,-3.000699695644872,0.7577513592116734,0.30278651429140657
2.691,1,-3.998288527888187,2.995768902562113,0.7504783621344435,0.294324874925975
2.701,0,-4.0029557168423615,-3.0007296567164494,0.7607814585011029,0.3032162062187414
2.701,1,-3.9982512508344685,2.995818281181107,0.7534184741314657,0.2938447364134988
2.7110000000000003,0,-4.002961100482994,-3.000762517724916,0.7638156006535975,0.30359934774309283
2.7110000000000003,1,-3.99821448889952,2.995869262083061,0.7563527776513889,0.29318806745622467
2.722,0,-4.002966774051812,-3.0007981333776517,0.7668534571177722,0.30398483256412157
2.722,1,-3.9981781898043716,2.995921846809735,0.7592799172382407,0.2924509466850035
2.732,0,-4.002972839563029,-3.0008363006037175,0.7698952579256225,0.3043787863452969
2.732,1,-3.9981422898074594,2.99597601847085,0.7621999165577178,0.29178780273600613
2.741,0,-4.00297936439879,-3.0008767597104606,0.7729406973561662,0.3047180212850547
2.741,1,-3.9981067166163595,2.9960317399602903,0.7651140005294204,0.2912451844940674
2.752,0,-4.002986393094774,-3.000919208843672,0.7759892734961457,0.3050342321933975
2.752,1,-3.99807139371153,2.996088948779751,0.7680231211440305,0.29080370254085836
2.761,0,-4.002993960403449,-3.00096332000545,0.7790411507684831,0.3053711409851287
2.761,1,-3.9980362450205473,2.9961475559915396,0.7709284811517741,0.2904727072716013
2.771,0,-4.003002100042225,-3.0010087487848054,0.782096230010042,0.30567464167683245
2.771,1,-3.9980011981429344,2.9962074447482627,0.7738307105572071,0.2901694990956672
2.781,0,-4.0030108509961515,-3.001055143777766,0.7851539385372943,0.3059031041706852
2.781,1,-3.997966186788182,2.996268471435393,0.77672978329216,0.2898416568580753
2.791,0,-4.003020261992898,-3.0011021549203165,0.7882137755812711,0.3061388556027796
2.791,1,-3.99793115242601,2.9963304684692593,0.7796255011841332,0.2895223389707208
2.802,0,-4.003030391588028,-3.001149440526172,0.7912765941634805,0.3064767954097232
2.802,1,-3.997896046556838,2.9963932494470797,0.7825183397921147,0.28925345421939186
2.81,0,-4.003041296317425,-3.0011966732219313,0.7943430035233132,0.3068438256000916
2.81,1,-3.9978608362424946,2.9964566175080107,0.7854084840010925,0.2889789380095429
2.821,0,-4.003053018570074,-3.0012435463247105,0.7974132257369754,0.3072516621871121
2.821,1,-3.9978255093023294,2.9965203751639544,0.7882958823628543,0.28872328530970015
2.831,0,-4.0030655790518725,-3.0012897780483137,0.800487932050384,0.30772034459154807
2.831,1,-3.9977900772059507,2.9965843319577683,0.7911810376055155,0.2885152101162178
2.841,0,-4.003078970694757,-3.0013351150729943,0.8035668939980012,0.30807586292158984
2.841,1,-3.9977545763046503,2.9966483094255825,0.7940646658756189,0.2884394700150162
2.851,0,-4.003093157366829,-3.0013793341406187,0.8066486348565872,0.3083129726600154
2.851,1,-3.9977190658003505,2.9967121464950486,0.7969487743944752,0.28859327028557724
2.861,1,-3.9976836219899017,2.9967757065889433,0.7998355297246671,0.2889277922907516
2.862,0,-4.003108078795011,-3.0014222388067116,0.8097324848934222,0.30849399724174376
2.871,0,-4.003123653887327,-3.0014636583021863,0.8128176940980562,0.3085871976512238
2.871,1,-3.9976483321504834,2.9968388836913955,0.8027261035863451,0.2893340314351749
2.8810000000000002,0,-4.003139784486364,-3.0015034457567724,0.8159033128120393,0.30857978198313174
2.8810000000000002,1,-3.9976132894184344,2.996901605723141,0.805620832129997,0.28974561940368443
2.892,0,-4.0031563590438095,-3.00154147564057,0.8189886191580096,0.30854562870959656
2.892,1,-3.9975785889069275,2.996963835587325,0.8085198383926162,0.29019928761188307
2.901,0,-4.003173255557665,-3.001577641280511,0.8220734958467972,0.3084689806381257
2.901,1,-3.9975443250481755,2.9970255703605555,0.8114239455513366,0.29076387957065325
2.911,0,-4.0031903384884515,-3.001611856564986,0.8251569346292739,0.3082658946676211
2.911,1,-3.9975105896254495,2.9970868358488674,0.8143343990707226,0.29143833546328035
2.9210000000000003,0,-4.003207445936125,-3.001644054589372,0.8282379496743224,0.3080094470142684
2.9210000000000003,1,-3.9974774705908427,2.997147669697903,0.817252111693063,0.2922147107096739
2.931,1,-3.997445051951387,2.997208103105012,0.8201782089911842,0.29308586871598596
2.932,0,-4.003224377190739,-3.001674186058431,0.8313164673068747,0.30775374391501525
2.941,0,-4.003240885577287,-3.001702221229538,0.8343921998163035,0.30744738158114393
2.941,1,-3.997413412838737,2.997268148391056,0.8231131345385572,0.29396509784112385
2.951,1,-3.997382627440642,2.9973277905947686,0.8260570097509902,0.2948843536949943
2.952,0,-4.0032566757850505,-3.001728148958758,0.8374647251748224,0.3071295334431796
2.9610000000000003,0,-4.003271403539905,-3.001751973338824,0.8405345275259866,0.3068981462092036
2.9610000000000003,1,-3.9973527655428334,2.9973869825190986,0.8290105167684494,0.2958781228123219
2.971,0,-4.0032846834766564,-3.0017737124345936,0.8436024782302196,0.3067351541465716
2.971,1,-3.9973238918984704,2.9974456464384884,0.8319741989577153,0.29689976292496784
2.982,0,-4.003296110873524,-3.001793395541758,0.8466689100885015,0.3065803716151762
2.982,1,-3.9972960658342314,2.9975036851253356,0.8349480085565063,0.2978929178269686
2.992,0,-4.003305282094275,-3.0018110579828527,0.8497339097605162,0.3064599672862981
2.992,1,-3.9972693417196346,2.9975609932452016,0.8379317339833294,0.2988950211697839
3.001,0,-4.003311808297176,-3.0018267361287365,0.852798070755989,0.30639194581240403
3.001,1,-3.9972437697314924,2.9976174655953103,0.8409256468798416,0.29991180591202493
3.011,0,-4.003315329849587,-3.0018404675279635,0.8558612365354412,0.3062367388459137
3.011,1,-3.9972193939577805,2.9976730047293656,0.8439288103592475,0.30070374488661583
3.022,0,-4.0033155249462045,-3.0018522918377477,0.8589223316423462,0.3060085453326766
3.022,1,-3.9971962513978943,2.997727525671419,0.8469383834426484,0.30124765481452137
3.031,0,-4.003312108696651,-3.001862252613447,0.8619810366829785,0.30575356829449907
3.031,1,-3.997174375340285,2.997780954629073,0.8499525901359892,0.3016393756282144
3.043,0,-4.003304838144229,-3.0018704036834065,0.8650369151034426,0.30544506874093663
3.043,1,-3.9971537943922995,2.9978332299729136,0.8529699457341443,0.3018867956725165
3.051,0,-4.003293513757526,-3.0018768123156643,0.8680892538378516,0.30505168358827367
3.051,1,-3.997134532085088,2.997884302517604,0.8559889354601945,0.30197540428059505
3.061,0,-4.003277977529721,-3.0018815600117303,0.8711374311761444,0.3046400130747285
3.061,1,-3.9971166073765976,2.9979341347796447,0.8590083323451316,0.3019939083434355
3.071,0,-4.003258107013839,-3.0018847410571206,0.8741819341989969,0.3043282334717549
3.071,1,-3.997100035632207,2.9979826996134293,0.8620277567078299,0.3019704435657055
3.081,0,-4.003233814677932,-3.001886459987521,0.8772241583432453,0.30418409223886106
3.081,1,-3.9970848293084718,2.998029979443125,0.8650469440248459,0.3019580293229126
3.091,0,-4.003205050332583,-3.001886824894445,0.8802658072337413,0.30418815352257594
3.092,1,-3.997071002545964,2.998075962604885,0.8680661840081568,0.3019633285617546
3.102,0,-4.003171805353811,-3.001885941589612,0.8833078302675371,0.3042500710453417
3.102,1,-3.997058573327625,2.998120641730751,0.8710853450077299,0.3019335515957874
3.111,0,-4.003134111082185,-3.001883908151196,0.8863504172735684,0.30430423158857045
3.111,1,-3.9970475656394124,2.9981640116922352,0.8741038428838357,0.30182894380270264
3.121,0,-4.003092033567228,-3.00188081052357,0.8893936046997223,0.30439636291425526
3.121,1,-3.9970380113223323,2.9982060674839057,0.8771210969169054,0.3017037230819753
3.1310000000000002,0,-4.003045666049355,-3.001876719299033,0.8924382549679453,0.30460671978207027
3.1310000000000002,1,-3.997029951671631,2.9982468020568347,0.8801374129819636,0.30163338349971963
3.142,0,-4.002995124683491,-3.0018716894307618,0.8954855299887163,0.3049106421239965
3.142,1,-3.997023432605437,2.998286207639566,0.8831532466790851,0.30158946706256506
3.151,0,-4.002940539376028,-3.0018657611282267,0.8985361453064276,0.30529501874906145
3.151,1,-3.9970184940923015,2.99832427859759,0.8861688099662786,0.30158832454916307
3.161,0,-4.002882039513472,-3.001858959857476,0.9015910905989245,0.30576859166039483
3.161,1,-3.9970151621918135,2.998361012758292,0.8891847399718512,0.301640848232849
3.171,0,-4.002819748942107,-3.00185129803525,0.9046508779614386,0.30626598007153677
3.172,1,-3.9970134417237393,2.998396413954035,0.892201246462688,0.3016915767958221
3.181,0,-4.002753779791875,-3.0018427761173503,0.9077156788596036,0.3068004187553406
3.181,1,-3.997013312982753,2.998430492596652,0.8952182890289584,0.30176125584729724
3.191,0,-4.002684225664201,-3.001833383161534,0.9107862044766563,0.3074156600015556
3.191,1,-3.9970147317111095,2.998463264683451,0.8982365640604583,0.30193844367939404
3.201,0,-4.00261116409108,-3.001823099387414,0.9138630382328456,0.3080636137667725
3.201,1,-3.9970176322473328,2.9984947503117647,0.9012573146728451,0.30222711452394924
3.21,0,-4.002534663772534,-3.001811900030638,0.9169462322849979,0.3086985629945389
3.21,1,-3.9970219403127114,2.998524968511441,0.9042813297497179,0.3025885675405538
3.219,0,-4.002454790288289,-3.0017997585746246,0.9200355886729031,0.309331132234733
3.219,1,-3.997027589285626,2.9985539297036,0.9073095768551132,0.3030532393699853
3.231,0,-4.002371608421495,-3.0017866486395683,0.9231314170372347,0.3099965769287757
3.231,1,-3.997034530240679,2.998581631869288,0.9103426455456638,0.303537364506418
3.241,0,-4.002285189175034,-3.0017725469015764,0.9262335140804936,0.31057706753531533
3.241,1,-3.9970427377481506,2.9986080592692836,0.913379835118504,0.3038322697377654
3.252,0,-4.002195615815326,-3.001757434101479,0.9293404989835988,0.3110309388365878
3.252,1,-3.9970522104253896,2.9986331871939824,0.9164183462870041,0.3038634060980825
3.261,0,-4.002102985235559,-3.001741290360159,0.9324515463165008,0.31141073709961675
3.261,1,-3.997062968977671,2.998656992473138,0.91945626587705,0.30373031359764013
3.271,0,-4.002007416322443,-3.0017240924543565,0.9355658045895886,0.3116975905276608
3.271,1,-3.9970750484727433,2.9986794680618285,0.9224920167877909,0.3034446744758302
3.282,0,-4.001909053461169,-3.001705811564355,0.9386824657820827,0.3119365563890864
3.282,1,-3.9970884927898807,2.9987006322997773,0.9255243150593363,0.303072697841098
3.292,0,-4.001808066056156,-3.0016864111931083,0.941801499488391,0.3121807548104944
3.292,1,-3.9971033513658494,2.9987205336021168,0.9285528283879017,0.302682487378636
3.301,0,-4.001704651758909,-3.0016658480518705,0.9449224834923865,0.3123200801465186
3.301,1,-3.997119675625696,2.998739253554305,0.9315778980461544,0.30243310535369544
3.311,0,-4.001599035810155,-3.0016440757173277,0.9480438026209357,0.3123070573827949
3.311,1,-3.9971375178536346,2.9987569035969233,0.9346020422041265,0.3024461697672187
3.321,0,-4.001491460412299,-3.001621051930317,0.9511644987044275,0.3122146168636866
3.321,1,-3.9971569224336863,2.9987736200197714,0.9376274634302645,0.30267435089618444
3.332,0,-4.001382179576769,-3.001596749192915,0.9542836680538506,0.3120230366773711
3.332,1,-3.997177921608682,2.998789554904908,0.9406561432936149,0.30306341487592314
3.341,0,-4.001271453853228,-3.0015711616311367,0.9574002539720573,0.31172010124674665
3.341,1,-3.9972005314514485,2.9988048693028957,0.9436891115666781,0.303514117593506
3.352,0,-4.001159545158185,-3.0015443084901294,0.9605133501149448,0.31136445695300724
3.352,1,-3.997224750949412,2.9988197270110404,0.9467268366005538,0.304025520681393
3.361,0,-4.001046712590216,-3.0015162351529976,0.9636227622575912,0.31097401075057063
3.361,1,-3.9972505617642216,2.998834289846284,0.9497693884947888,0.304429435865147
3.371,0,-4.000933214551441,-3.0014870108604903,0.9667276132434728,0.3104700469932028
3.371,1,-3.9972779265808622,2.9988487140415683,0.9528145671641567,0.3045848475515471
3.3810000000000002,0,-4.0008193159573135,-3.0014567135581016,0.9698270989206365,0.30993309462774166
3.3810000000000002,1,-3.99730679694559,2.9988631456981323,0.9558603781194789,0.30460165618520213
3.391,0,-4.000705295813843,-3.00142541500291,0.9729212457809797,0.30939732761726385
3.392,1,-3.997337118442937,2.998877718284494,0.9589060186336132,0.3045550153770005
3.401,0,-4.0005914523460016,-3.0013931722260474,0.9760098047529097,0.3088161331718486
3.401,1,-3.9973688316696134,2.9988925510758073,0.9619506810921061,0.30441548193570306
3.4130000000000003,0,-4.000478104773558,-3.001360020894263,0.9790925295551478,0.3082484224798732
3.4130000000000003,1,-3.9974018746994027,2.9989077483466744,0.9649937046717681,0.30425446114228555
3.42,0,-4.0003655935638776,-3.001325970940864,0.9821699025072146,0.3077335883294648
3.42,1,-3.9974361859653262,2.998923399483879,0.9680354360073656,0.30417142965412636
3.431,0,-4.00025427706528,-3.001291006067426,0.9852422882880266,0.3072342816488188
3.431,1,-3.9974717049094393,2.9989395781728176,0.9710770037706085,0.3041995415812167
3.441,1,-3.997508370566677,2.998956338520889,0.9741190803842702,0.3042625612740022
3.442,0,-4.000144522377753,-3.0012550853077267,0.9883096043431189,0.306708036167049
3.451,0,-4.000036695955346,-3.001218145260851,0.9913715255921236,0.30615553811718094
3.451,1,-3.997546121443132,2.998973711835539,0.9771617882563525,0.3043324775160512
3.461,0,-3.999931156829185,-3.001180102368574,0.9944278854815157,0.3055791992831161
3.461,1,-3.9975848961056273,2.9989917053859605,0.9802051773732811,0.3043943237036298
3.471,0,-3.9998282505847493,-3.0011408561016455,0.9974784495503741,0.30499344670468675
3.471,1,-3.997624632768694,2.9990103021104746,0.9832488374254305,0.30438147557899425
3.481,0,-3.9997283095403966,-3.0011002923675894,1.0005237488084495,0.30454540586952217
3.482,1,-3.9976652680471036,2.9990294639181956,0.9862921447190056,0.3043810648025282
3.491,1,-3.9977067341988946,2.9990491413021756,0.9893363941661394,0.30454002680876513
3.491,0,-3.9996316598589843,-3.0010582894563815,1.0035661668668985,0.3043529501644157
3.501,0,-3.9995386180424477,-3.001014728709379,1.0066075403614625,0.30428876884339645
3.501,1,-3.997748952676562,2.9990692803987056,0.9923826546972142,0.30476525009450023
3.511,0,-3.999449490231981,-3.000969501204201,1.0096485695406137,0.30424595839642704
3.511,1,-3.997791831024215,2.9990898289009453,0.9954310625991667,0.30495977525817575
3.521,0,-3.9993645730962046,-3.0009225115725022,1.0126890482203008,0.30415872583559667
3.521,1,-3.9978352619926145,2.999110740617097,0.9984809611287634,0.3050697854345793
3.531,0,-3.9992841537093815,-3.0008736806027763,1.0157280028607647,0.3038871461244625
3.531,1,-3.997879124022786,2.999131978694891,1.0015316647478796,0.30515018009253264
3.541,0,-3.9992084980475,-3.0008229521705974,1.0187623031772608,0.30325725526542824
3.541,1,-3.9979232832493734,2.999153516112519,1.0045833595522375,0.3052572477260554
3.551,1,-3.9979675980388274,2.999175330742358,1.0076365069224564,0.3054578968574995
3.551,0,-3.999137847886788,-3.0007702977405475,1.0217892635141923,0.3024624658258044
3.561,0,-3.9990724133768327,-3.000715722292375,1.0248080179057966,0.3016029795006657
3.561,1,-3.9980119244223498,2.99919740004703,1.010692303257387,0.3057611834841154
3.571,0,-3.999012355373526,-3.0006592726415438,1.0278178338241488,0.300665298989245
3.572,1,-3.9980561201245095,2.999219696886879,1.0137513375415963,0.30609154015015044
3.582,0,-3.998957780103922,-3.0006010394534486,1.0308181213223584,0.2997091903533888
3.582,1,-3.9981000478619255,2.9992421871619155,1.0168138285638095,0.30646514026089733
3.591,0,-3.998908744810705,-3.000541154437295,1.0338098279659373,0.29895777382692484
3.591,1,-3.998143578060135,2.9992648283814347,1.0198796095831717,0.30669522333245114
3.601,0,-3.998865259314264,-3.0004797850700924,1.036795474199644,0.2984403220372011
3.601,1,-3.9981865960709873,2.999287567263782,1.0229461096270087,0.3066444050907449
3.6109999999999998,0,-3.9988272781440517,-3.0004171255420764,1.0397769426139452,0.29810339011866344
3.6109999999999998,1,-3.9982290142282424,2.9993103362430116,1.0260109982564747,0.30641929791108863
3.6189999999999998,0,-3.99879470944598,-3.0003533831900975,1.0427561076742942,0.2979368289615678
3.6189999999999998,1,-3.9982707818488517,2.9993330503543114,1.0290732495310853,0.3061198590256683
3.632,0,-3.998767416262803,-3.000288769558793,1.0457340733604201,0.2978369552665864
3.632,1,-3.9983118921082466,2.999355605696064,1.0321319657823644,0.3057179589555706
3.642,0,-3.998745223864073,-3.000223492417088,1.048711476762492,0.29782511117899063
3.642,1,-3.998352384754071,2.9993778793624846,1.0351864096111472,0.3052885897793158
3.651,0,-3.998727928325866,-3.000157749672416,1.0516890557312841,0.29782009470357096
3.651,1,-3.998392345665484,2.9993997300428745,1.038236843049301,0.30492197478271654
3.661,0,-3.9987152921238795,-3.000091727622261,1.054665672905806,0.297645724726187
3.661,1,-3.9984319023006925,2.9994209976958026,1.041284098339438,0.3046311333431783
3.6710000000000003,0,-3.998707056344396,-3.000025601820747,1.0576396933918364,0.2973152946322382
3.6710000000000003,1,-3.9984712092733385,2.999441499915165,1.04432857340141,0.30435354041169216
3.681,0,-3.99870294962795,-2.999959539937857,1.0606099251931806,0.2969180416870681
3.681,1,-3.9985104321466256,2.999461028060276,1.0473703912459489,0.30411288160395555
3.691,1,-3.998549735275258,2.999479345029581,1.0504101619628985,0.30392535905552676
3.691,0,-3.998702693871633,-2.9998937042341187,1.0635760808888963,0.2964945318330473
3.701,0,-3.9987060034184956,-2.999828253069037,1.066537724117757,0.29601524723834466
3.701,1,-3.998589273041418,2.9994961866803176,1.0534480850534813,0.3037341654447285
3.7110000000000003,0,-3.9987125810300683,-2.9997633402957433,1.0694919305232724,0.2948015186386758
3.7110000000000003,1,-3.9986291825063804,2.9995112683001666,1.0564817375058677,0.3028678932207621
3.721,1,-3.9986695737625677,2.9995243084427328,1.0594983094906048,0.30053965082477013
3.722,0,-3.998722098171837,-2.999699107988907,1.0724251493746573,0.2920513332660416
3.732,0,-3.998734239839124,-2.9996356859645275,1.0753247422789225,0.28824964654959506
3.732,1,-3.998710529608299,2.9995350246322703,1.0624857602236475,0.29720823982472855
3.741,0,-3.998748715562357,-2.9995731895895865,1.078181979819013,0.2836717699656161
3.741,1,-3.998752104817741,2.999543139599112,1.0654354025089743,0.29306834605477816
3.751,0,-3.998765253259095,-2.9995117156672007,1.0809895946424461,0.2784306694229426
3.751,1,-3.9987943246613726,2.9995483931369535,1.0683399499175028,0.2882965771677045
3.761,0,-3.9987836016250236,-2.999451342333711,1.0837428465473098,0.27290111176569903
3.761,1,-3.9988371858938523,2.9995505461898047,1.0711937639076778,0.2829702274382519
3.771,0,-3.998803527825946,-2.999392126666712,1.0864403579840822,0.2672984976678478
3.771,1,-3.9988806588689516,2.999549387215956,1.073991610259789,0.2771849521852237
3.781,0,-3.9988248037881196,-2.9993340937121937,1.0890816532391177,0.2616676174508293
3.782,1,-3.9989246942401597,2.99954472829066,1.076729852167899,0.2711064420533675
3.791,0,-3.998847198075553,-2.99927722900576,1.0916666876506356,0.2560492197537708
3.791,1,-3.998969228251914,2.9995364047476225,1.0794062694236992,0.26485809942238836
3.802,0,-3.998870471203857,-2.999221474861918,1.09419567636676,0.2504580602316422
3.802,1,-3.9990141867319333,2.9995242757036396,1.0820196063512617,0.2585165157843977
3.81,0,-3.9988943732459883,-2.9991667295403412,1.0966691817809235,0.24497837681399792
3.81,1,-3.9990594885853494,2.9995082221695917,1.0845696763749226,0.25225178194390213
3.819,0,-3.9989186432571655,-2.9991128489637995,1.099089131774615,0.23968608143599301
3.819,1,-3.9991050488063813,2.9994881418220682,1.0870582009256047,0.2461985206294301
3.83,0,-3.9989430097103686,-2.999059649447416,1.1014559458518158,0.23434837675044118
3.83,1,-3.9991507785604634,2.999463954642519,1.0894875657693406,0.2404039641502381
3.841,0,-3.9989672003606525,-2.9990069276633005,1.103769225568546,0.22898805504304282
3.841,1,-3.9991965777155185,2.9994356160653077,1.0918601351270174,0.23482128728529028
3.851,0,-3.9989909539331467,-2.998954484868204,1.106028829340516,0.22360836313913235
3.851,1,-3.9992423240528456,2.999403133660136,1.0941776722679848,0.2293788866369835
3.861,0,-3.99901402874726,-2.998902144134886,1.108234339117252,0.2181797504376724
3.861,1,-3.999287866217345,2.9993665776205565,1.0964410555847262,0.22399636922348695
3.872,0,-3.9990362082445645,-2.998849762205189,1.1103854365317154,0.2127349131938997
3.872,1,-3.9993330200016954,2.9993260819642944,1.0986509927470003,0.21871389951430348
3.8810000000000002,0,-3.9990573039677266,-2.9987972366176305,1.1124823506869685,0.20736264928557388
3.8810000000000002,1,-3.9993775669304363,2.9992818410728224,1.1008089994199248,0.21361201731615037
3.891,0,-3.9990771561064444,-2.998744506088941,1.1145263070228688,0.20212775635295865
3.891,1,-3.999421258150459,2.999234110277168,1.1029168701207572,0.2086787769944861
3.901,0,-3.9990956336538046,-2.9986915420192557,1.1165185496285888,0.1970079954715169
3.901,1,-3.999463826423087,2.999183204455244,1.1049760985105626,0.20388026398314987
3.911,0,-3.9991126329502507,-2.9986383385530586,1.118460198996292,0.19200776262035177
3.911,1,-3.999504998260036,2.999129492372612,1.1069879532853824,0.19921138478993014
3.9210000000000003,1,-3.9995445027171526,2.9990733893537787,1.1089538820230769,0.1946872389336957
3.9210000000000003,0,-3.9991280753052636,-2.9985849046651567,1.120352636339063,0.1871499753031542
3.932,0,-3.9991419056697324,-2.9985312582733274,1.1221971342391095,0.18240785044901459
3.932,1,-3.999582078943817,2.9990153516264995,1.1108751669276271,0.1902765223315029
3.941,0,-3.9991540915095163,-2.9984774217956884,1.1239943194926614,0.17765917641088438
3.941,1,-3.999617482581426,2.9989558696272,1.1127524766454209,0.18586279567842487
3.951,0,-3.9991646203429676,-2.998423419440887,1.125743614876032,0.17284761463371573
3.951,1,-3.999650493631267,2.9988954568660255,1.1145851006294054,0.18136052736533725
3.9610000000000003,0,-3.9991734915566886,-2.9983692759678244,1.127444634019499,0.16801530687667118
3.9610000000000003,1,-3.999680921435218,2.998834627610788,1.1163724415156153,0.17681664299919234
3.971,1,-3.999708610432015,2.998773878747039,1.1181143298511655,0.172279098961608
3.971,0,-3.999180710755559,-2.998315016359492,1.1290974084319427,0.16321249401635401
3.981,0,-3.999186285635637,-2.9982606655866486,1.1307025133561783,0.15847882532797752
3.981,1,-3.999733443404178,2.998713677246896,1.1198111777822226,0.16779764219536206
3.991,0,-3.999190223962179,-2.9982062484914347,1.1322606166032443,0.15381057670270254
3.992,1,-3.9997553442846687,2.9986544513583278,1.1214635548024594,0.16337089320530182
4.001,0,-3.9991925311500487,-2.9981517895871463,1.1337727579600263,0.14930127628628062
4.001,1,-3.999774277123521,2.998596585351079,1.1230724656924271,0.1591064250859791
4.01,0,-3.9991932087282493,-2.998097312932997,1.135240929284111,0.1450008574930528
4.01,1,-3.9997902410651633,2.998540419145449,1.1246400045820457,0.15505993745669067
4.021,0,-3.999192257152562,-2.9980428422691916,1.1366671516738096,0.14089054558475728
4.021,1,-3.999803267408097,2.9984862497116063,1.12616825891786,0.15120702360803856
4.031,0,-3.999189677807349,-2.9979884010435107,1.1380531031473964,0.13693186737364135
4.031,1,-3.999813414387796,2.9984343336287043,1.1276589070949041,0.14750191182818456
4.041,0,-3.999185473812504,-2.997934012359827,1.1394002276278508,0.13311997772349188
4.041,1,-3.9998207611679,2.9983848904629156,1.1291133406526994,0.14393677126150406
4.051,0,-3.9991796503110075,-2.9978796989080534,1.14070996839519,0.129443184599553
4.051,1,-3.999825402284969,2.9983381064481325,1.1305329268645787,0.14049813661947871
4.061,0,-3.9991722155343825,-2.997825482945102,1.1419833497364955,0.125833789843312
4.061,1,-3.9998274442363546,2.998294136960015,1.1319188388474999,0.13717552261166716
4.071,0,-3.999163179355757,-2.9977713876135037,1.1432208710411855,0.12228109150113307
4.071,1,-3.9998270027764433,2.998253110858212,1.133272291412224,0.1339805026701024
4.081,0,-3.9991525473752283,-2.99771744055229,1.1444232217895902,0.1187994046873894
4.081,1,-3.9998242034803275,2.9982151354949638,1.1345945201206158,0.1308995280633527
4.091,0,-3.9991403171602027,-2.9976636769641,1.1455910556791666,0.11537943078144441
4.091,1,-3.9998191829759024,2.9981803003612204,1.1358865103577636,0.1279066892195449
4.101,0,-3.9991264757098777,-2.9976101414331078,1.146724967122498,0.11201765280974398
4.101,1,-3.999812088634622,2.9981486806374402,1.137149040082725,0.12498511644733448
4.111,1,-3.9998030776193674,2.998120340098909,1.1383827644106674,0.1221274852515634
4.112,0,-3.9991109980573247,-2.9975568887512973,1.1478255350978122,0.10871548409418695
4.121,0,-3.999093846517122,-2.99750398398466,1.148893548577702,0.10552954062354841
4.121,1,-3.999792314811266,2.9980953347921404,1.1395886976509368,0.11944874884484989
4.131,0,-3.9990749705647826,-2.997451499560408,1.1499307140734754,0.10253012624854961
4.131,1,-3.9997799661186373,2.998073720027017,1.1407697403949693,0.117092718646721
4.141,0,-3.99905431211177,-2.9973995044308803,1.1509389291717538,0.09974111719572032
4.142,1,-3.9997661899595753,2.998055545585494,1.1419288690685574,0.1150341181759338
4.151,0,-3.999031809793625,-2.997348052996612,1.1519203627184285,0.09715371896448832
4.151,1,-3.9997511250730606,2.9980408560631697,1.143068922989643,0.11323078884891856
4.161,0,-3.9990074038598995,-2.9972971770988557,1.152876716040064,0.09471434040891433
4.161,1,-3.999734882590758,2.998029689351323,1.1441919918382035,0.11160448588332332
4.171,0,-3.9989810389301685,-2.9972468812887554,1.1538091609416228,0.09236396012092604
4.171,1,-3.9997175404463947,2.9980220771393724,1.1452994462793091,0.1100810892587337
4.181,0,-3.9989526663640804,-2.9971971404988755,1.1547181995916054,0.09003723980423996
4.181,1,-3.9996991413769125,2.9980180425186718,1.1463912544800041,0.10842112907143733
4.192,0,-3.9989222483634808,-2.997147901660457,1.1556039126717854,0.08771716185151655
4.192,1,-3.999679696279144,2.99801759345396,1.1474647589995377,0.10647147465251049
4.201,0,-3.9988897663465597,-2.997099089847844,1.1564664028826628,0.08541247704543355
4.201,1,-3.9996591901253358,2.998020727609253,1.148517618243042,0.10433029505440108
4.212,0,-3.9988552284983974,-2.997050614465541,1.1573059017802216,0.08314785278541907
4.212,1,-3.999637590893315,2.9980274290912896,1.1495484320076261,0.1020983020323885
4.219,0,-3.9988186738911513,-2.9970023742710725,1.1581230120253947,0.08095197122865956
4.219,1,-3.999614856979891,2.998037664741297,1.1505566665987401,0.09983320503538441
4.231,0,-3.9987801760898964,-2.9969542612430833,1.1589180445271423,0.07872666192153199
4.231,1,-3.999590942899293,2.998051381399744,1.151542424346923,0.09766653604863793
4.241,0,-3.9987398439834947,-2.9969061650411946,1.159689855440364,0.07636414268501814
4.241,1,-3.9995658011778814,2.998068510268222,1.1525082578753882,0.09582727661642357
4.252,0,-3.998697811208561,-2.9968579798324275,1.1604373655029556,0.07391842904693717
4.252,1,-3.999539389312198,2.9980889532559694,1.1534569834210782,0.0942283413508588
4.261,0,-3.998654227114212,-2.996809610264002,1.1611599466199063,0.0714275431291221
4.261,1,-3.999511674875814,2.9981125737196246,1.1543905720462766,0.09279754211092744
4.272,0,-3.9986092501434563,-2.9967609753986357,1.1618574983487941,0.06896900999780084
4.272,1,-3.999482637326164,2.9981391957196935,1.1553106096317691,0.09153509887804769
4.281,0,-3.9985630424337875,-2.9967120110354397,1.1625306352160325,0.0665792656191953
4.281,1,-3.999452268696961,2.99816860550957,1.1562187681343477,0.09042497951111322
4.291,1,-3.999420576985907,2.998200547744934,1.1571146240149308,0.08901570742848347
4.292,0,-3.998515765816303,-2.9966626706303994,1.1631809930143113,0.0644940195060932
4.302,0,-3.9984675804973215,-2.996612923315606,1.1638124984135267,0.06278416270295893
4.302,1,-3.999387585593193,2.998234729174133,1.1579933301399479,0.08710268701932301
4.312,0,-3.9984186536708024,-2.9965627506983847,1.1644281621562065,0.06132402774249436
4.312,1,-3.9993533163897785,2.998270849296003,1.1588506799570133,0.0848358339943912
4.321,0,-3.998369163634763,-2.996512142327975,1.1650300695813935,0.060039675263036364
4.321,1,-3.999317779990702,2.9983086162187362,1.1596838290919382,0.08233583126689085
4.331,0,-3.9983193017005427,-2.996461092068405,1.1656196947034043,0.058879165687223615
4.331,1,-3.9992809705550694,2.9983477556940032,1.1604909205390184,0.07968556354446801
4.341,0,-3.9982692728219145,-2.9964095953795646,1.1661981907442018,0.05783140500703532
4.341,1,-3.999242862629865,2.9983880174425264,1.1612708833911545,0.0769675954941886
4.352,0,-3.9982192951812365,-2.996357647723223,1.1667660071720818,0.05670968106718638
4.352,1,-3.9992034077451097,2.9984291802336642,1.1620246713200475,0.07457948760081923
4.361,0,-3.998169598637177,-2.9963052455171897,1.1673211503702239,0.05535927954617758
4.361,1,-3.9991625331056753,2.998471049438569,1.162757929644772,0.07279939292520259
4.371,1,-3.999120159800534,2.9985134336551624,1.1634757177337798,0.0714531871422416
4.371,0,-3.9981204233696146,-2.996252387857825,1.1678618308993944,0.053869705027229944
4.381,0,-3.998072018997386,-2.9961990793429285,1.1683870508742702,0.05230374841708655
4.381,1,-3.999076215265876,2.998556126900172,1.164181673446587,0.07041421794174112
4.391,0,-3.998024642979921,-2.99614533223587,1.1688962339402347,0.050691804843079225
4.391,1,-3.9990306409966125,2.998598897607348,1.1648783146104662,0.06958488199848194
4.401,0,-3.997978558727367,-2.996091167595428,1.1693890968017433,0.04906519453557904
4.401,1,-3.9989833974082374,2.9986414822156062,1.1655673942926457,0.06890715849484563
4.411,0,-3.9979340344141625,-2.996036615477224,1.1698660547861433,0.0475497719491056
4.411,1,-3.9989344683035473,2.99868358288748,1.166249274680147,0.06808722993911519
4.421,0,-3.997891344171174,-2.9959817143474163,1.1703289455101462,0.04622633156468826
4.421,1,-3.99888386745142,2.9987248735739613,1.1669206835820989,0.06689763370148176
4.431,0,-3.9978507683337,-2.9959265107651603,1.1707794024244715,0.0450387421029857
4.431,1,-3.9988316347423782,2.998765012299983,1.1675786230948038,0.06545874498700602
4.441,0,-3.99781259503586,-2.9958710581189916,1.1712186049718565,0.043950679347833005
4.441,1,-3.998777836895092,2.9988036536579594,1.1682210974705696,0.06385619879818145
4.451,0,-3.997777120895142,-2.99581541518835,1.171647430216971,0.042935636532384754
4.451,1,-3.9987225683238816,2.998840458659213,1.1688468220892816,0.06214851333997534
4.461,0,-3.997744650393112,-2.9957596448158195,1.1720665155130823,0.041973196998849514
4.461,1,-3.9986659506417865,2.998875102217895,1.1694549771791944,0.06037390256008772
4.471,0,-3.997715494561266,-2.9957038126933546,1.172476376426876,0.04106259635042999
4.471,1,-3.998608130519812,2.9989072772853005,1.1700455464820552,0.05868759999889387
4.481,0,-3.997689964635112,-2.9956479861698715,1.1728775739579753,0.04020422951520098
4.481,1,-3.998549275374813,2.998936695691106,1.1706203667676773,0.057203392902281595
4.491,0,-3.9976683542500706,-2.995592232959321,1.1732705587527879,0.03938515400488439
4.491,1,-3.9984895703471333,2.998963097206386,1.1711811288038185,0.05586015974015516
4.501,0,-3.997650922713964,-2.9955366199069604,1.1736556253123638,0.03858655498307674
4.501,1,-3.9984292125819816,2.9989862542223173,1.1717289653049923,0.054603404046575994
4.511,0,-3.9976378835428816,-2.995481211949695,1.174032861208572,0.037795666543121255
4.511,1,-3.9983684058046944,2.999005973515117,1.1722645366083357,0.053399093692690636
4.521,1,-3.9983073558202986,2.99902209640828,1.1727881927784354,0.05220863247212386
4.521,0,-3.9976293978443476,-2.9954260714227368,1.1744022117388602,0.03698792373947156
4.531,0,-3.997625569852662,-2.9953712602135645,1.1747633603760221,0.0361536953141784
4.531,1,-3.9982462665867637,2.99903449880958,1.173299919412563,0.05101252143089427
4.541,0,-3.9976264466097935,-2.9953168466929743,1.1751161127549459,0.03531846815542472
4.541,1,-3.998185336315394,2.99904308905458,1.1737997315612354,0.04982786140826659
4.551,0,-3.9976320186534138,-2.9952629118079517,1.1754605403468463,0.03450042685993381
4.551,1,-3.998124754517722,2.999047805968556,1.1742878419485185,0.04866756613161439
4.561,0,-3.997642220875739,-2.995209552602309,1.175796752675108,0.03369742194626864
4.561,1,-3.9980646998257354,2.99904861788293,1.1747644554233314,0.04752621950968801
4.571,0,-3.9976569356870093,-2.995156883929389,1.1761248713058774,0.032914847514779744
4.571,1,-3.9980053384551892,2.9990455205606956,1.1752297575606212,0.04640748754479317
4.582,0,-3.997675997279409,-2.995105038750126,1.1764450330233462,0.03213920596622389
4.582,1,-3.997946823386352,2.9990385343440384,1.1756840660027357,0.04533349386594256
4.591,1,-3.9978892955166563,2.999027703287641,1.1761279047880429,0.04431287643884051
4.591,0,-3.997699197263327,-2.995054166288782,1.1767571297783666,0.03135177480104104
4.601,0,-3.997726296704735,-2.995004428036128,1.1770610304962579,0.030553444427189314
4.601,1,-3.997832887972924,2.999013099546986,1.1765616933637613,0.04332717566782106
4.611,0,-3.9977570370660964,-2.994955993248032,1.1773566091387284,0.02974551879765964
4.611,1,-3.9977777305543976,2.9989948263555184,1.1769856873322635,0.04236414016506903
4.62,0,-3.997791148979569,-2.9949090351671246,1.1776437872832788,0.028932670642544178
4.62,1,-3.9977239528872803,2.9989730185258345,1.1774000702850786,0.04141864862153552
4.631,0,-3.997828358940269,-2.9948637278300474,1.1779225310954495,0.02811774617814373
4.631,1,-3.9976716864368487,2.9989478416860202,1.1778050309904144,0.040499975396193114
4.642,0,-3.9978683956990313,-2.9948202439017257,1.1781931457260952,0.027376144763270074
4.642,1,-3.997621065748078,2.9989194899610383,1.1782009315299509,0.039619294852108834
4.651,0,-3.9979109993737736,-2.9947787540404427,1.1784566929171854,0.02673677062238205
4.651,1,-3.997572227601236,2.9988881808772105,1.1785880795040302,0.03876403071982765
4.662,0,-3.9979559320809077,-2.9947394252423374,1.1787140495124606,0.026168819439853695
4.662,1,-3.997525308716047,2.9988541438674194,1.1789666885397143,0.037926500437611955
4.671,0,-3.9980029894516287,-2.994702421016532,1.1789659560301595,0.025679707587383943
4.671,1,-3.9974804436145512,2.998817609201459,1.1793369793178585,0.037121035489467775
4.681,0,-3.998052008306774,-2.9946679016669053,1.1792132588754491,0.02526552515487062
4.681,1,-3.9974377632991405,2.9987787992869914,1.179699448090597,0.036367720165992594
4.691,0,-3.9981028698123677,-2.9946360230451408,1.1794565887136155,0.024903021282048316
4.691,1,-3.997397393078079,2.998737923825408,1.1800545344604016,0.03564980549200695
4.7010000000000005,0,-3.9981554986787646,-2.9946069329194285,1.179695319264329,0.02432893133599527
4.7010000000000005,1,-3.9973594504655634,2.9986951766386003,1.1804022747549836,0.03489333010406384
4.711,0,-3.99820985671885,-2.994580766718385,1.1799261686491807,0.02343914451920523
4.711,1,-3.997324042480645,2.9986507359478027,1.1807419890507342,0.034067014920749594
4.721,0,-3.9982659386588204,-2.994557658488869,1.180146463374038,0.022343033926488343
4.721,1,-3.9972912647722967,2.998604767448854,1.181073113484021,0.033195123045931293
4.731,0,-3.9983237625637242,-2.9945377437768332,1.1803544461260758,0.021124156431201174
4.731,1,-3.9972611996113487,2.9985574290357064,1.1813953070134329,0.032301197975535705
4.741,0,-3.998383361550981,-2.994521160195787,1.1805490866638466,0.019845732793241814
4.742,1,-3.9972339146268228,2.9985088742610384,1.1817084752166567,0.03140513912122167
4.751,0,-3.9984447770851097,-2.9945080468236114,1.180729776219494,0.018543409156517428
4.751,1,-3.997209461768765,2.9984592548486884,1.1820126119575007,0.030510355047738674
